ID,disgust__value__abs_energy,fear__value__abs_energy,happiness__value__abs_energy,sadness__value__abs_energy,disgust__value__kurtosis,fear__value__kurtosis,happiness__value__kurtosis,sadness__value__kurtosis,disgust__value__skewness,fear__value__skewness,happiness__value__skewness,sadness__value__skewness,disgust__value__mean,fear__value__mean,happiness__value__mean,sadness__value__mean,disgust__value__standard_deviation,fear__value__standard_deviation,happiness__value__standard_deviation,sadness__value__standard_deviation,disgust__value__variation_coefficient,fear__value__variation_coefficient,happiness__value__variation_coefficient,sadness__value__variation_coefficient,disgust__value__median,fear__value__median,happiness__value__median,sadness__value__median,disgust__value__minimum,fear__value__minimum,happiness__value__minimum,sadness__value__minimum,disgust__value__maximum,fear__value__maximum,happiness__value__maximum,sadness__value__maximum,disgust__value__mean_change,fear__value__mean_change,happiness__value__mean_change,sadness__value__mean_change,disgust__value__mean_abs_change,fear__value__mean_abs_change,happiness__value__mean_abs_change,sadness__value__mean_abs_change,disgust__value__number_peaks__n_4,fear__value__number_peaks__n_4,happiness__value__number_peaks__n_4,sadness__value__number_peaks__n_4,disgust__value__sum_values,fear__value__sum_values,happiness__value__sum_values,sadness__value__sum_values,disgust__value__cid_ce__normalize_True,fear__value__cid_ce__normalize_True,happiness__value__cid_ce__normalize_True,sadness__value__cid_ce__normalize_True,disgust__value__sample_entropy,fear__value__sample_entropy,happiness__value__sample_entropy,sadness__value__sample_entropy,disgust__value__approximate_entropy__m_5__r_0.1,fear__value__approximate_entropy__m_5__r_0.1,happiness__value__approximate_entropy__m_5__r_0.1,sadness__value__approximate_entropy__m_5__r_0.1,"disgust__value__fft_coefficient__attr_""abs""__coeff_1","fear__value__fft_coefficient__attr_""abs""__coeff_1","happiness__value__fft_coefficient__attr_""abs""__coeff_1","sadness__value__fft_coefficient__attr_""abs""__coeff_1","disgust__value__fft_coefficient__attr_""real""__coeff_1","fear__value__fft_coefficient__attr_""real""__coeff_1","happiness__value__fft_coefficient__attr_""real""__coeff_1","sadness__value__fft_coefficient__attr_""real""__coeff_1","disgust__value__fft_coefficient__attr_""imag""__coeff_1","fear__value__fft_coefficient__attr_""imag""__coeff_1","happiness__value__fft_coefficient__attr_""imag""__coeff_1","sadness__value__fft_coefficient__attr_""imag""__coeff_1",disgust__value__ar_coefficient__coeff_1__k_5,fear__value__ar_coefficient__coeff_1__k_5,happiness__value__ar_coefficient__coeff_1__k_5,sadness__value__ar_coefficient__coeff_1__k_5,disgust__value__autocorrelation__lag_5,fear__value__autocorrelation__lag_5,happiness__value__autocorrelation__lag_5,sadness__value__autocorrelation__lag_5,"disgust__value__linear_trend__attr_""rvalue""","fear__value__linear_trend__attr_""rvalue""","happiness__value__linear_trend__attr_""rvalue""","sadness__value__linear_trend__attr_""rvalue""","disgust__value__linear_trend__attr_""intercept""","fear__value__linear_trend__attr_""intercept""","happiness__value__linear_trend__attr_""intercept""","sadness__value__linear_trend__attr_""intercept""","disgust__value__linear_trend__attr_""slope""","fear__value__linear_trend__attr_""slope""","happiness__value__linear_trend__attr_""slope""","sadness__value__linear_trend__attr_""slope""",self-esteem
3,167.404,11871.0887,141.9746,7358.867700000001,-0.3232070402280467,-0.3082445576677517,1.6070340804226473,0.28494816807613566,0.7216959797223839,0.1373942238902913,1.1295105058524317,0.1168480970788708,0.3165,3.38971,0.32508000000000004,2.6955699999999996,0.2592908598466209,0.6172153723782323,0.19051927356569465,0.30458180362588966,0.8192444228961167,0.182085007973612,0.5860688863224272,0.1129934684040443,0.26,3.38,0.29,2.7,0.0,1.9100000000000001,0.0,1.85,1.12,5.35,1.06,3.54,0.00012012012012012012,4.004004004004007e-05,0.00038038038038038034,-0.0013513513513513514,0.0778978978978979,0.17155155155155155,0.04954954954954955,0.08477477477477478,75.0,73.0,63.0,75.0,316.5,3389.71,325.08000000000004,2695.5699999999997,12.798925127871476,10.999745525944942,10.7024309613808,11.08906915031663,0.696660340400109,1.0509445412282803,0.9564322554055742,1.021895023301877,0.10664064123654526,0.043399801886053524,0.026253642040690472,0.05888908639331181,31.124294137446114,163.80303914927492,38.38889234951093,43.38440917925935,30.415831632194084,156.62528040711442,30.73712317354321,43.37746665459025,-6.602944167285108,-47.95786871757002,-22.99861549825927,-0.7761098268374419,1.6028561225288491,1.5503762114898694,1.6826091073912215,1.4822913863031242,0.2979473441756896,0.47427624757955467,0.3877488428761277,0.47472573606262125,-0.09685509457954262,-0.25832842757329144,-0.24002989435687797,-0.15336300391384913,0.3599546253746254,3.6655995604395604,0.404208071928072,2.7763959640359634,-8.699624699624703e-05,-0.0005523314523314521,-0.00015841455841455847,-0.00016181374181374185,28
4,604.7697000000001,36972.436799999996,766.2402999999999,7503.6937,0.05913607014118938,0.2570064335931872,-0.32066294435055065,-0.4030815464438091,0.6204966132636229,0.6136554756243304,0.3106052987551452,0.2608128091851515,0.67769,6.05574,0.78199,2.7119700000000004,0.38145243989257693,0.5481330608529283,0.39335980971624435,0.38589171939807154,0.5628715782918103,0.0905146292365472,0.5030240920168344,0.14229203103208055,0.64,5.99,0.77,2.69,0.0,4.860000000000001,0.0,1.7200000000000002,2.09,7.980000000000001,1.9500000000000002,3.78,0.0005205205205205206,-0.0009009009009008995,0.001001001001001001,-0.0007507507507507507,0.0937937937937938,0.14656656656656658,0.050870870870870874,0.08637637637637637,71.0,82.0,62.0,75.0,677.69,6055.74,781.99,2711.9700000000003,10.24630479682057,10.752146014335112,5.464846894341827,8.956691451983968,0.9022560091356743,1.1226873090978553,0.5523690261866786,0.9435380874252461,0.06868772982722149,0.0320973369914439,0.2421101035530988,0.03459222318601096,95.91072596612062,74.72369483500935,145.98410666049722,105.5128020563495,-42.480107689518384,58.4789842875618,0.24332137818398908,21.425422436118826,85.99016110018172,-46.517082523420385,145.98390388042904,-103.31458111620182,1.6600143150486546,1.405026093457483,1.622259482602443,1.5236733555948208,0.5415516953022512,0.5562634284953129,0.8408865195876588,0.6610736287596112,0.4052818338615811,-0.13808204248638292,0.61966692838744,-0.5618764687550014,0.41018995004995007,6.186703276723277,0.36022101898101894,3.0871439160839165,0.0005355356355356356,-0.0002621887421887422,0.0008443823443823444,-0.000751098931098931,28
5,1953.3289,5191.7566,565.0896,9450.7523,0.39359945448159106,0.36526138055443136,2.565716426547714,-0.15732267031853686,0.6936391670978848,0.5465754554499624,1.3623277771782312,-0.34975813307046083,1.29627,2.2502400000000002,0.63974,3.0540299999999996,0.5225064469458727,0.35801751688988626,0.394743375371899,0.35164336919669054,0.4030845787882715,0.15910192552344915,0.6170371953792151,0.11514077111118443,1.21,2.205,0.56,3.06,0.02,1.1400000000000001,0.02,1.96,3.08,3.4800000000000004,2.46,3.95,-0.00010010010010010008,0.0008908908908908905,-0.0015815815815815818,0.0015115115115115112,0.12914914914914913,0.09532532532532531,0.07887887887887886,0.09422422422422422,65.0,75.0,68.0,72.0,1296.27,2250.2400000000002,639.74,3054.0299999999997,10.529665066432205,10.994160752284808,8.47846878360547,10.64478228826845,0.8051227594595365,0.9676386371413935,0.7308039790723341,0.9358987214391963,0.13370583316014972,0.03743575414641942,0.13086721213995478,0.05031568227315386,96.37859810562755,19.533637920363073,80.11595787410656,49.50758646383436,-51.61522636223637,15.50041680108124,53.112152376082165,-32.02891629572324,81.39227592579759,-11.886971413972724,-59.9805466469375,-37.75115413329226,1.759868883528948,1.4289990191967228,1.5987876351080308,1.5594673892813389,0.41535131959218397,0.5199620613891688,0.6005371380883576,0.4727284640141586,0.1534237082956348,0.005903104488982494,-0.4096780991786981,-0.021162164569981278,1.1575591408591408,2.246583116883117,0.9195633366633367,3.0669062337662334,0.00027769941769941766,7.32108732108729e-06,-0.0005602068802068803,-2.577824577824577e-05,27
7,4834.676299999999,13516.5847,834.2877000000001,5492.8012,-0.2577933261559644,0.5684523037995297,1.9690238331994476,-0.12998525772777558,-0.10104514136818184,0.8533340796850426,1.1306920444919804,0.633994464169054,2.18419,3.6536099999999996,0.8391900000000001,2.29738,0.252963127550242,0.40953469682067234,0.3606214689948451,0.4635151945729503,0.11581553232559529,0.11209042476363716,0.42972565091915427,0.20175817434336082,2.2,3.58,0.79,2.2199999999999998,1.48,2.85,0.08,1.33,2.91,5.26,2.19,3.75,-2.0020020020019593e-05,0.0005905905905905896,0.0015815815815815816,-0.000800800800800801,0.06990990990990992,0.0922022022022022,0.05233233233233233,0.07025025025025025,81.0,80.0,64.0,76.0,2184.19,3653.6099999999997,839.19,2297.38,11.299082365370769,9.10920657872681,5.862892064988929,6.066858460817063,0.9984170053404261,0.8580663280038084,0.5998896870733625,0.638037308359728,0.033201760233745325,0.10872006124873401,0.23219731136611443,0.22343896867301272,31.816452800051877,149.6486715655477,97.91410314875125,145.321764812673,-30.9534632216252,145.96408146675492,67.74148849216391,144.8666435299531,7.360012456879755,33.00320928182131,70.69838988470902,-11.492211303110299,1.453078496171423,1.4266105793846526,1.5034733201948476,1.4990139744278779,0.5290496927364061,0.710396529074662,0.831648850728047,0.8426023347916479,-0.16902159975950526,-0.16641237958127836,0.6051325000740276,-0.36935607619037025,2.258171948051948,3.7715341258741253,0.461593126873127,2.5936144455544454,-0.0001481120081120081,-0.000236084336084336,0.000755949695949696,-0.000593061953061953,26
8,5259.952300000001,4130.1336,12279.325499999999,3188.2787,1.1445728958270807,-0.20564605499592803,6.878149284684948,-0.1576307265953676,0.5098329009008674,-0.03245266604958297,2.162057325963369,-0.4306645828516765,2.2523299999999997,1.99034,3.43025,1.75081,0.4323908776789816,0.4107070542369585,0.7160380140048431,0.3506323486217437,0.19197492271513572,0.2063501985776091,0.20874222403756085,0.20026864629613933,2.23,1.9899999999999998,3.31,1.7850000000000001,1.1800000000000002,0.72,2.08,0.73,3.9299999999999997,3.4299999999999997,6.8100000000000005,2.66,0.00037037037037037024,0.0006306306306306305,0.0016316316316316315,-0.00021021021021021017,0.10085085085085085,0.1240940940940941,0.07934934934934935,0.07964964964964966,75.0,72.0,55.0,70.0,2252.33,1990.34,3430.25,1750.81,9.364183512612179,12.20590907875169,4.655495374124031,9.072870510575198,0.9052336630423025,1.1373064170213283,0.4571555855564961,0.8883002160329458,0.0838785145745451,0.03929455700909035,0.4313234896489302,0.052398988128551593,45.67290129247583,82.88510595589135,208.64042936230322,16.684833358950623,15.912053220627534,78.8265401193712,143.04122324351795,10.22257409112456,42.811452612311086,-25.61869165528359,151.88823923360326,-13.186456808688998,1.6016932090050247,1.436732882341088,1.7798057983716118,1.4623643447559855,0.6415088984171857,0.4333573058046715,0.8573187542242622,0.6676040562345905,0.13779967485373606,-0.05495329808958654,0.4444129542417113,-0.08869040042629651,2.149231808191808,2.0293928071928073,2.8796336263736264,1.804619000999001,0.00020640278640278632,-7.818379818379816e-05,0.0011023350823350824,-0.00010772572772572772,28
9,1409.8935,21253.411099999998,1300.6925,8511.145700000001,-0.331688254901938,-0.493685522736389,0.2423023133798261,0.29692859479952904,-0.1408231064200709,0.06499461618541438,0.5710476069687963,-0.36918909380410436,1.15683,4.56209,1.08079,2.88971,0.26765248196121777,0.6638869872952775,0.36412288571305157,0.4009012545502944,0.23136716886769687,0.14552255376270032,0.3369043807891002,0.13873407869658008,1.17,4.550000000000001,1.04,2.91,0.29,2.71,0.37,1.62,1.8900000000000001,6.36,2.49,4.05,-0.0006506506506506506,-0.0009509509509509507,-3.0030030030030056e-05,-0.00035035035035035043,0.07204204204204204,0.185995995995996,0.07532532532532532,0.10315315315315314,71.0,75.0,71.0,74.0,1156.83,4562.09,1080.79,2889.71,11.024540653796342,11.281940130417071,8.499644779428506,10.576376347643363,1.0372530420362294,1.0648032107819545,0.815340069018178,0.953747620599786,0.02706363243649612,0.02607355897468988,0.08586271266135626,0.08729312132315581,88.35804423959097,197.6685368733878,140.8605323372377,123.29680551170004,-30.574343057711737,-152.87122856863456,-2.8042442560546936,-65.7556816262948,82.89965939878685,-125.31256100480175,140.83261619554744,-104.2990536066907,1.4177311965716934,1.4767316240090604,1.435948527896577,1.3969471198378085,0.5808170996351956,0.47759921254884713,0.7372187807938462,0.5640764524126495,0.37588227223483833,-0.21760153332159418,0.4677470460917725,-0.3109900065062485,0.9827497702297703,4.812056863136863,0.7860864535464535,3.10543982017982,0.0003485089685089685,-0.0005004341604341605,0.0005899970899970901,-0.00043189153189153196,32
10,6952.3887,9953.1375,2281.6057,7541.6116999999995,0.174896082235676,1.3256566993261507,1.2693892632088812,0.6441817722449872,-0.43328050220405967,0.6218265181443678,1.0193928539786001,0.3612688213155531,2.61239,3.1068500000000006,1.47881,2.71697,0.3575013117458452,0.5482887719988436,0.3077770035269042,0.39960695577029187,0.13684836940343717,0.1764773877074347,0.2081247783872872,0.1470781627218158,2.62,3.105,1.4400000000000002,2.7,1.22,1.76,0.89,1.64,3.46,5.48,2.61,4.25,1.0010010010009796e-05,-0.0008408408408408411,-0.0001701701701701701,-0.0012712712712712713,0.10035035035035034,0.1261661661661662,0.06533533533533534,0.09236236236236237,74.0,74.0,65.0,69.0,2612.39,3106.8500000000004,1478.81,2716.97,11.467977695154394,9.309746450595837,9.173474500940909,9.313754149136798,0.9732186405420352,0.933282767132537,0.6994567687889125,0.9510135520825052,0.03720705458542817,0.07595738712194944,0.22722507411683956,0.04469422059243833,56.99080136299442,24.091620388937162,45.58137345440997,6.644073200192362,52.20204679769439,23.88292787374992,22.98496331365711,-2.2980849360292726,22.86695760540983,3.1641632609446524,39.36182246111359,-6.233980615650783,1.5453761131930182,1.5155696970563084,1.6197570005715423,1.554118987137258,0.4525866811163315,0.6494141879846639,0.5725045072219052,0.5750727431085003,0.09583946950725265,-0.07072320615678539,0.1695006726994308,-0.1887826743127887,2.5531045154845153,3.1739461538461544,1.388541978021978,2.8475033566433563,0.00011868965868965874,-0.00013432663432663437,0.0001807167607167607,-0.0002613280413280413,32
11,8959.255399999998,23826.8702,10169.7311,6931.266,-0.548880422627104,0.8217715244454689,-0.6678591586200175,-0.3151955375783335,-0.08118089852364753,-0.48808441993742796,0.3878201495463229,-0.24863087362237635,2.9307,4.82086,3.05639,2.5728,0.6084841082559183,0.7656233149532478,0.910061134155283,0.5585393092701713,0.20762415404371592,0.15881467517273842,0.29775687466432066,0.21709394794394093,2.9450000000000003,4.870000000000001,2.9450000000000003,2.6,1.1,1.9,1.31,0.97,4.58,7.07,5.220000000000001,3.84,-0.0001701701701701701,-0.0003803803803803803,-0.000390390390390391,-0.0008208208208208209,0.13108108108108107,0.20132132132132133,0.12201201201201203,0.11425425425425427,70.0,73.0,55.0,69.0,2930.7,4820.86,3056.39,2572.8,8.896504435334945,10.533364262394445,5.515489070378236,8.343037070011325,0.7880257794226591,1.0001536065297238,0.5485425868462407,0.7585467144340877,0.1456484746549105,0.04555099345447999,0.3499311981045068,0.10928700769024147,111.01488207325757,60.180561690813406,252.27234313390355,73.65361804506054,92.22669912329393,-19.495583481309197,226.62498337656172,14.878223872718937,61.79433639550392,-56.935245939093846,110.8262244229365,-72.1352473172507,1.7600528039742571,1.5365535681795994,1.8847995701087639,1.6938893213663424,0.6046381396530214,0.4839267124905146,0.7768755657690691,0.627415546912115,0.0010307755675656623,-0.10616479274658508,0.013565944857239179,-0.26104396005711555,2.929614725274725,4.961504255744256,3.035027752247752,2.825086333666334,2.1727221727221163e-06,-0.00028157008157008156,4.276726276726284e-05,-0.0005050777450777453,40
12,1183.027,2674.3637,4928.9185,1399.154,-0.2860793782658235,-0.4872662899960516,-0.49898338673510745,0.2219068504165569,0.3744803754784787,0.3129273280680227,0.4702498451702205,0.3454254467663989,0.9567599999999999,1.5543099999999999,2.04813,1.1489800000000001,0.5173367398513274,0.5084133396164975,0.85678585603405,0.28106753565646814,0.5407173584298335,0.32709905978633447,0.418325914875545,0.24462352317400488,0.93,1.505,2.0300000000000002,1.1300000000000001,0.0,0.39,0.47,0.43,2.74,3.23,4.67,2.0700000000000003,0.0006106106106106106,0.0003803803803803805,0.00024024024024024023,-0.0007907907907907908,0.08471471471471471,0.11887887887887888,0.0828028028028028,0.05986986986986987,63.0,74.0,64.0,63.0,956.76,1554.31,2048.13,1148.98,6.986555313275443,9.509566740643999,4.064407440672812,8.770043965208467,0.6521257339456619,0.887496236841657,0.36823117239362785,0.8459774957748006,0.2360720125052147,0.08962250200771305,0.3935461936393603,0.05982910427545729,248.9353520172706,205.02709600374934,497.21808010693184,110.65008713881599,-84.86623597361752,146.11271847284388,-105.67313306444231,49.82918469305519,234.0225020711314,-143.83039872087585,485.85904142412335,-98.79521312620852,1.7017844346848972,1.4855863057867085,1.7702556127067448,1.431668900914505,0.7803056634983131,0.6601329967255309,0.9168353581129803,0.7058263452454798,0.565693904703662,-0.32831380653585507,0.6838102285639677,-0.557823141357311,0.45037462537462536,1.8431334265734265,1.0343721878121876,1.4202698501498503,0.0010137845337845337,-0.0005782250782250784,0.00202954516954517,-0.0005431228231228232,32
13,216.6313,23685.704299999998,1862.3229999999999,12538.1542,0.07409035830260269,-0.18071343961988084,0.41483126585639907,0.6087179501842623,0.8160118790373116,-0.011021411789667963,0.51417578848643,-0.31979553336470956,0.36183000000000004,4.825209999999999,1.3047800000000003,3.52912,0.29276330217429913,0.634864360237681,0.3998401575629941,0.28890521905981553,0.8091183765146591,0.13157237928249363,0.3064425861547495,0.08186324609529162,0.31,4.84,1.27,3.5500000000000003,0.0,3.1599999999999997,0.24,2.52,1.36,6.79,2.83,4.55,0.0006806806806806807,-0.00017017017017017098,0.00012012012012012023,-0.00046046046046046044,0.07955955955955958,0.18313313313313312,0.09211211211211212,0.08816816816816815,63.0,73.0,66.0,86.0,361.83000000000004,4825.209999999999,1304.7800000000002,3529.12,11.366321471759568,11.56419614829037,9.344371090862813,12.077061038934007,0.7812327654246394,1.1243206453783168,0.8705522339864272,1.2266152810756958,0.08777455234905052,0.03541060671834817,0.04718380165151448,0.011227803002677561,17.30309822061128,37.07760908329724,79.07034360836222,72.12626952169504,8.881048247276318,-30.857591416455755,76.54888456687067,-71.8878627159384,14.850056904324356,20.556219188092015,-19.80877355901618,5.859517834309461,1.686803660598341,1.4456590413384791,1.7317503689718883,1.3559047981675356,0.33274509418908144,0.4152732339286113,0.4921310636698184,0.5341710327397168,0.130770852008964,-0.0774189805942477,0.03251554928469022,-0.045498718652286364,0.2955848751248752,4.910256163836163,1.2822840759240761,3.551864735264735,0.0001326228726228726,-0.0001702625902625903,4.503688503688499e-05,-4.553500553500555e-05,36
15,3382.4118,27132.7278,12457.4377,7646.812,0.16713994426505385,0.4889967411473828,1.2918707714640107,-0.18695877331379052,0.13856712930085707,-0.24020408578780172,1.0967936995338745,-0.2799521408540208,1.79962,5.17304,3.4160500000000003,2.7464199999999996,0.3791828788328925,0.6102335277580215,0.8877162257726284,0.32247353937959006,0.21070163636372816,0.11796420050067688,0.259866285848459,0.11741595945980225,1.79,5.199999999999999,3.2350000000000003,2.78,0.53,2.8499999999999996,1.8199999999999998,1.8599999999999999,2.91,6.9,6.33,3.64,0.00039039039039039027,0.0010610610610610615,0.0015815815815815816,0.0002602602602602605,0.10847847847847848,0.1764564564564565,0.09597597597597597,0.09049049049049052,71.0,84.0,65.0,84.0,1799.62,5173.04,3416.05,2746.4199999999996,12.13103409992269,11.761650165290215,4.510757606688993,11.074714193146942,0.9391022781081461,1.083046135069249,0.4771118660367158,1.138941724335216,0.04328837022319654,0.04428293054213572,0.3810848754736549,0.04620462874955411,43.29993102743022,203.58864317549092,446.2122396459994,133.746658474265,42.78937526439648,-186.8842916207961,434.16728920416574,-126.88043976120449,6.629735399159529,80.76259762681367,-102.9763458033205,42.30275001740485,1.6758395274655502,1.378852529705867,1.7703529646846399,1.2716766795124328,0.3984278424425381,0.5704431547314106,0.8608241214661702,0.6764413451378499,0.05731604984819225,0.0774422980880075,0.04549179738739698,0.006698567976656487,1.7620145054945056,5.091268751248752,3.346173106893107,2.742682317682317,7.528627528627529e-05,0.0001637062037062037,0.00013989367989367967,7.482847482847534e-06,28
16,11142.8228,11527.5468,15255.4531,1622.0865000000001,-0.1609531126645214,-0.28220776539240733,-0.8982754061513951,0.4205506558605481,-0.8288690740896065,0.025610669368510502,-0.2735078471905317,0.9237465112734201,3.2972599999999996,3.38298,3.66573,1.23273,0.5204798674300477,0.2880852644617562,1.3482865671288133,0.32009880833892523,0.15785223713933622,0.08515724729728116,0.36780847665507643,0.2596666004225785,3.4299999999999997,3.38,3.815,1.15,1.76,2.6,0.81,0.67,4.28,4.22,6.029999999999999,2.41,0.0009309309309309311,-8.008008008008015e-05,0.0017917917917917915,-0.001001001001001001,0.08833833833833833,0.09477477477477478,0.08693693693693694,0.06784784784784785,71.0,86.0,48.0,70.0,3297.2599999999998,3382.98,3665.73,1232.73,6.96633637745628,13.23158169034088,2.7161264996932326,8.344976243400696,0.6619363404774312,1.2682665813422629,0.2833719266725813,0.8597572905157502,0.21576125991583783,0.008448275954237694,0.3885230221735423,0.14404459111322865,248.39860908745487,50.890219819775844,782.0021686579811,139.96869093410172,-25.62476975578367,-10.72378267463652,-64.99564019781671,49.67072911521532,247.07334978007097,-49.747512083040604,779.2964509999141,-130.85890535599398,1.5684708224041102,1.338282456648911,1.890846469384339,1.3459079643563232,0.7932418614054081,0.4160313004474275,0.9477123219087635,0.765953434395677,0.5009566065146019,-0.2607465718504671,0.6984249563801543,-0.5077528113102379,2.846100219780219,3.512956843156843,2.0363278321678315,1.5139606993006993,0.0009032227832227833,-0.00026021390021390025,0.0032620664020664033,-0.000563024423024423,24
18,1044.5419000000002,1327.0484000000001,16183.928,1362.2311,-0.008666348192905016,4.553733674792751,-0.5116275432625441,-0.20904220883921676,0.6424636176993564,1.226573903457787,0.6723193172502869,0.3971149745068838,0.86035,1.1003800000000001,3.8565,1.08777,0.5516699896677361,0.34089918685734644,1.1451356906498023,0.42306917531297406,0.6412157722644692,0.3098013294110638,0.2969365203292629,0.3889325641569211,0.7949999999999999,1.06,3.6550000000000002,1.06,0.0,0.35,1.92,0.22,2.77,3.7,6.59,2.65,0.0013213213213213214,-0.002442442442442443,0.0009009009009009008,-0.0014614614614614615,0.0812212212212212,0.09713713713713713,0.09607607607607609,0.07339339339339339,66.0,82.0,60.0,77.0,860.3499999999999,1100.38,3856.5,1087.77,6.024420761592213,11.65914872241785,3.507980254461825,7.04535153896776,0.5927258604982429,1.1347208818677514,0.3638510536094598,0.7380358326937961,0.2249180659620782,0.03065734644900875,0.41437784484856177,0.16145493684861822,244.07739328406927,44.179369750562714,497.0281817902165,138.5091960659865,-242.64365292657774,42.615035570286665,-497.02708038849687,136.8309049565774,26.416502546565518,-11.652272520849227,-1.0463527966781803,-21.496530966878588,1.533871759793607,1.2742956297533128,1.9219470293246177,1.4305918924948298,0.8447518855531786,0.563686682129157,0.9116268876158985,0.8207068299415967,0.1555306578031729,-0.2593793452577516,0.1397018658640972,-0.27927067396087024,0.7118858141858141,1.2533786813186816,3.5796876323676323,1.2922086713286713,0.00029722559722559735,-0.00030630366630366633,0.0005541789141789142,-0.0004092866292866294,23
19,2686.2985,3658.3606,1406.6282,1775.1018,0.28991343735777386,-0.49436513530087867,0.37094938898795693,-0.5218366670067915,-0.3640337425261226,0.0541515399531936,0.5195175543560906,0.0850439926039152,1.60143,1.83196,1.13544,1.2774400000000001,0.3488845870771594,0.5498028359330279,0.34264297220284556,0.3784822933771143,0.21785815619612436,0.30011727108289915,0.3017710950845888,0.2962818554116939,1.6400000000000001,1.79,1.11,1.27,0.47,0.32,0.34,0.21000000000000002,2.55,3.09,2.42,2.22,0.00035035035035035043,0.0011111111111111111,0.0007007007007007008,0.0003403403403403402,0.08805805805805807,0.13782782782782782,0.06840840840840841,0.08796796796796796,68.0,80.0,71.0,72.0,1601.4299999999998,1831.96,1135.44,1277.44,10.380555047997055,10.130545253575864,8.479907871045146,9.214412395244233,0.9667110400901003,0.972973783848951,0.7591071744991754,0.9341150161677406,0.07896153601342792,0.05703389952117455,0.1730369757867276,0.03495258679005442,90.47718909024029,178.35285827321187,124.49798049698462,61.92412822723253,-24.132318238596746,144.6761877912,19.574377309857333,50.26008266039257,87.19950092805684,104.30025283013379,122.94954615922299,36.173495098942865,1.6126290291606231,1.6235534814076282,1.7848422025106268,1.5880077732270252,0.5009565187927384,0.5415067724771961,0.6490381752749302,0.6442327736623296,0.4157131986268829,0.4115351190846802,0.32525953844035405,0.43172865368640717,1.3504714885114883,1.4404523876123876,0.9425995204795204,0.9947029170829172,0.0005024194424194425,0.0007837990237990239,0.0003860670260670261,0.000566040206040206,28
20,8707.105,1001.9692,12668.9689,234.8084,-0.29402379394668543,0.400960303489458,-0.5027407072585652,0.3116920891715238,0.37290305631915477,0.37604043545778,0.6955367070758517,0.8956986046040191,2.87384,0.92474,3.25659,0.35982,0.6694390595117676,0.38317767732476277,1.4365202650502358,0.3245581112836344,0.23294235570239388,0.4143626071379661,0.4411117964036725,0.9020013097760947,2.7750000000000004,0.92,2.995,0.3,1.3699999999999999,0.03,1.16,0.0,4.93,2.35,6.48,1.5699999999999998,0.002592592592592593,-0.00017017017017016987,0.004244244244244244,-0.0007107107107107107,0.11446446446446445,0.10445445445445445,0.08316316316316318,0.04435435435435436,72.0,74.0,56.0,53.0,2873.84,924.74,3256.59,359.82,6.846162340229397,11.093240942034774,2.4306285547868196,6.433034956963918,0.6984266684185506,1.04222611823352,0.22598278084479534,0.350040596299609,0.1635119958230975,0.028403168942499946,0.39436682503576925,0.2420695811812008,300.0539218983591,95.34392126333691,700.3106755911034,126.59902414807996,132.45770800747528,25.25127320015486,184.2475091292349,20.793142240523572,269.23467762528844,-91.93930891430787,675.6388811536383,-124.87977478763919,1.5593713587000353,1.4446781500249009,1.7584763582046152,1.5159350340175584,0.7649676755209758,0.5211950424748123,0.9533089143946396,0.8125321802810445,0.626666769664641,-0.41576778755589616,0.7946164426063049,-0.6669811401692508,2.1479445954045953,1.200402297702298,1.28146021978022,0.7343894505494506,0.0014532440532440535,-0.000551876471876472,0.003954213774213774,-0.0007498887898887899,31
21,246.8893,2157.3832,720.6428000000001,3327.21,2.1401640229612995,1.1262538338312074,0.03952810385984851,-0.43745912086733885,1.1645977677508021,0.7569114015011708,0.015548017155051178,0.13905153705954695,0.42811,1.33358,0.8202,1.7926,0.2522124657902539,0.6155871860264799,0.21889440376583408,0.3373355006517992,0.5891300501979723,0.4616049925962296,0.26687930232362117,0.18818224961050942,0.39,1.315,0.82,1.77,0.0,0.16,0.19,0.93,1.6099999999999999,4.0600000000000005,1.5,2.76,0.0008808808808808807,-0.0013913913913913916,0.0003103103103103104,-0.0004704704704704702,0.0741941941941942,0.13280280280280282,0.042512512512512514,0.08867867867867868,75.0,78.0,55.0,83.0,428.11,1333.58,820.2,1792.6,12.357553560520632,8.749898308846785,8.147031322736792,10.436526056902306,0.9255505263244937,0.8470311759399933,0.7357232703933042,1.0828776983145536,0.041610758993746444,0.11522551779383594,0.17396627536109577,0.04857986002813597,35.96759574000503,203.91038118975922,41.46467594707203,120.05607984186761,35.94804227606224,173.9684183161611,41.459759414253796,96.2850547885796,-1.1858329708985496,-106.36932351729087,0.6385144539380504,-71.71227601573605,1.6200002014236081,1.528983071837633,1.527495971355433,1.4057217917264564,0.33881250464883966,0.6603395936918296,0.6945467535478654,0.6356203215105999,-0.006058378840003204,-0.3049593111139155,-0.03168493299625747,-0.38437662857656585,0.43075392607392604,1.6584112487512488,0.8322008991008991,2.01695996003996,-5.293145293145273e-06,-0.0006503128103128103,-2.4025824025824034e-05,-0.0004491690891690893,31
22,2348.6729,10555.008600000001,790.1016000000001,5058.6253,0.06426219882257467,-0.35418645470381005,4.913466454653479,0.701043868590228,0.06702724525451187,-0.20195252686472373,2.1078847834968477,0.030695228205059828,1.50669,3.21902,0.7767000000000001,2.23653,0.2802822575547728,0.4392252720415801,0.4322484355090253,0.23782106529910252,0.1860251661289136,0.13644689130281268,0.5565191650689137,0.10633484250115245,1.5099999999999998,3.245,0.68,2.24,0.66,1.97,0.15000000000000002,1.34,2.59,4.6,2.62,3.0300000000000002,0.00019019019019019014,-0.0003103103103103099,0.0006806806806806806,-0.0007807807807807805,0.09468468468468469,0.1431931931931932,0.06456456456456457,0.08218218218218219,82.0,82.0,70.0,86.0,1506.69,3219.02,776.7,2236.53,13.60439174010693,13.238020876895673,6.03682014399073,14.017961925748056,1.2669510479683188,1.2431031164076651,0.6286800769411217,1.325085379551682,0.007346650424112866,0.017086885370407146,0.3211376853896448,0.023579781347346618,8.984282363794572,41.65825837702511,135.11745729347368,9.629534071208296,-6.607669561924389,-12.70879315508379,-104.19450179547752,1.270593850942859,-6.08736663532008,-39.67237158966273,-86.02460729957394,-9.545340103658308,1.3737562273541313,1.4159591251718515,1.476875072301553,1.2762187617119471,0.41953374462179116,0.41116745416445827,0.8688404382765064,0.4603637032102565,-0.2756868524318428,-0.32770858748165005,-0.12171785247001995,-0.34526294804790975,1.640392027972028,3.4680785614385616,0.8677361838161839,2.3786079320679323,-0.00026767172767172765,-0.0004986157386157387,-0.00018225462225462223,-0.00028444030444030446,30
23,1407.2408,43703.2342,3668.3174,8778.9177,1.8015006163751317,-0.3504316604401292,4.603913087369813,0.5003743438954875,1.1007737817607788,-0.40946038375014626,2.355375222425223,-1.0512649846112423,1.1172600000000001,6.5804800000000006,1.62256,2.91003,0.3987115403396295,0.6328642584314585,1.0176524192473577,0.55735365711548,0.35686549266923495,0.09617296282816125,0.6271893916079269,0.19152849184217347,1.05,6.65,1.3,3.04,0.17,4.6,0.71,1.1400000000000001,2.57,8.02,5.48,3.97,0.001841841841841842,-0.0003603603603603607,0.002472472472472472,-0.0013313313313313316,0.08350350350350351,0.15511511511511508,0.06993993993993994,0.08151151151151152,87.0,76.0,68.0,79.0,1117.2600000000002,6580.4800000000005,1622.56,2910.0299999999997,8.466614619936822,9.965294951107206,2.8590834898821376,5.827648062504939,0.8851367196741052,1.0448316993896125,0.2565676553596339,0.6219882980307316,0.07078616415128991,0.04742371203736351,0.4607302081210163,0.24642533123507526,102.35798047995667,182.86168840286163,406.649631638585,213.5205836601057,99.70316231318134,-177.5247595431067,387.8770005121154,-213.47059031549,23.16107926428753,43.856092332849336,122.12843807042375,-4.620250740861145,1.5203275307687263,1.371005549906322,1.7794021774390714,1.496446675563172,0.7188521241540315,0.6874464213296814,0.9449364723703656,0.8492207824289933,0.35894465624527616,-0.018891021062853,0.44650788646307654,-0.15121996901240137,0.8696246553446555,6.601166753246754,0.8363203596403596,3.055866533466533,0.0004957664557664557,-4.141492141492139e-05,0.0015740533340533342,-0.0002919650319650319,28
24,463.9586,18315.489999999998,119.57990000000001,7056.322899999999,0.26227192419193734,1.08178628659283,0.6431484884443348,1.9975264627466136,-0.19648517671820429,0.9752173926910386,0.5432538136439634,0.7738740057703308,0.6325,4.25652,0.32697000000000004,2.6470299999999995,0.25278914138071673,0.44444064800600763,0.11256340035730975,0.22260970127108118,0.39966662668888026,0.10441408662616589,0.34426216581738306,0.08409791399080525,0.65,4.1899999999999995,0.32,2.6399999999999997,0.0,3.3200000000000003,0.01,2.11,1.4,5.920000000000001,0.72,3.65,-0.0002102102102102102,0.00022022022022022086,0.00034034034034034034,-0.0002702702702702707,0.0660960960960961,0.1205005005005005,0.030950950950950948,0.068018018018018,76.0,76.0,65.0,72.0,632.5,4256.52,326.97,2647.0299999999997,10.652156613522479,11.06478836553349,10.986600656625301,12.201093308653162,0.9360830119700284,0.9591998902710839,1.0044995191118855,1.1889431959003667,0.05321459842705245,0.07699549650101556,0.10771122208004069,0.046542703472997715,87.87605538388051,40.12742670653647,17.149173052019005,8.799222539804399,-87.69477874551696,-29.936169899639143,-3.6616590946472014,-4.605485216637038,-5.641532646866853,26.721454036567604,-16.75369777221382,7.497721202094639,1.432108879560546,1.5529670654934806,1.42299140783117,1.3500074294024098,0.590780386404031,0.4252737372742013,0.5622517076275519,0.4441029188440806,0.0849624283677771,0.13431237552197053,-0.019662408767363436,0.08513238749245412,0.595336923076923,4.15323050949051,0.33079966033966035,2.6142382017982015,7.440055440055439e-05,0.0002067857667857668,-7.666987666987659e-06,6.564924564924564e-05,30
25,1054.3475,5938.655299999999,4410.3035,4068.8419999999996,8.720406445943263,3.2535511031249453,14.476446242144524,5.241593398055576,2.5053711867132242,-0.6884898045775898,3.5375032529782526,-1.3573864232036212,0.8625300000000001,2.40041,1.93321,1.9921399999999998,0.5571261069991246,0.4203416847042415,0.8203673542383315,0.3165757735519255,0.6459208456507304,0.1751124535826136,0.4243550127706413,0.158912412557313,0.77,2.42,1.7200000000000002,2.01,0.0,0.69,0.9600000000000001,0.53,3.71,3.79,6.36,3.09,0.0005405405405405405,-0.0004604604604604609,-0.0002602602602602605,1.0010010010010242e-05,0.09075075075075074,0.11107107107107107,0.06982982982982983,0.06835835835835835,79.0,76.0,61.0,69.0,862.5300000000001,2400.41,1933.21,1992.1399999999999,6.924366686660803,10.731555417123525,3.6809547236584708,8.730815099653116,0.6209936350806579,0.9698208004684503,0.32363269407998085,0.8560026926591743,0.27360340627057056,0.08242736522697225,0.47988832020497263,0.14588194929514042,112.01086485301833,52.128094676435715,262.3962914394541,34.5171643193761,54.26064740864585,-51.277841309763275,209.8493599473527,-1.6792833831629663,97.99089747479482,-9.376632935450795,157.52796542476304,-34.47629098336773,1.6662363100267852,1.5671709178128528,1.7569878088976776,1.510112582332981,0.784214588340141,0.5237577794356283,0.921443458845939,0.679441767827154,0.34014305937500144,-0.1510805417509898,0.41453912896022066,-0.1670610160661697,0.5346299700299701,2.510294725274725,1.3447726473526476,2.0836522277722276,0.0006564565164565166,-0.00021998943998943995,0.001178052758052758,-0.00018320766320766325,30
26,1987.5073,6567.0218,669.3552,17543.824800000002,-0.08960203688310475,0.45857028357748053,-0.24296274903680715,0.15560342871688437,0.03984177712222405,0.5721531811182481,0.29221969792651153,-0.27069896019905854,1.38051,2.53524,0.80528,4.17636,0.285831138786522,0.3736039914133681,0.14449678750754288,0.3191268562813227,0.20704749606052983,0.14736434870598764,0.17943670215023705,0.07641267905097326,1.355,2.5,0.7999999999999999,4.199999999999999,0.53,1.69,0.48,2.9699999999999998,2.28,4.04,1.27,5.12,0.0009309309309309309,-0.0013313313313313313,0.0001701701701701701,-0.0010410410410410412,0.08623623623623625,0.10795795795795796,0.048598598598598594,0.08760760760760762,74.0,88.0,77.0,78.0,1380.51,2535.24,805.28,4176.36,12.201582750892545,12.022543043594487,13.579666139788564,11.041840995997777,1.1405866123501356,1.0477417400331341,1.3864745900110695,1.0771038378986653,0.007346650424112866,0.029429071722455902,0.010127576328640586,0.05071438261865868,58.700909477558326,98.30084107884727,19.841754747570274,89.52400567697434,43.28545180860086,-6.9465834020837836,12.198532268580632,-17.59787985880929,39.650554034184566,-98.0550882710667,-15.648994918368544,-87.77734455385311,1.4226396762279454,1.4112895068948619,1.3291891309338117,1.3763902172788667,0.3766954814673548,0.5399828952723188,0.3557291403384529,0.5863998641703845,0.2746355957745349,-0.5762656087437545,-0.06810890248236595,-0.5603803832924292,1.244680939060939,2.9077693906093907,0.822308971028971,4.485797262737263,0.000271930051930052,-0.0007458045858045859,-3.4092034092034085e-05,-0.0006194940194940194,33
27,7498.65,23960.9283,14722.4411,3819.018,1.158686834492912,0.11733003166735445,1.4006913764894429,0.4305115147956107,-0.6522452171068038,-0.5058012798359565,-0.016228240348626265,0.031073167636485745,2.6712399999999996,4.87507,3.79963,1.9307799999999997,0.6026000849651449,0.4411584693735347,0.5340907817028862,0.3018386847307681,0.22558814818778733,0.09049274561668544,0.14056389219552592,0.15632992092872733,2.71,4.92,3.76,1.93,0.44,3.3899999999999997,1.87,1.05,4.38,5.88,5.25,2.89,0.001021021021021021,-0.00021021021021021017,0.0013213213213213208,-0.00042042042042042034,0.08990990990990992,0.1281981981981982,0.07447447447447449,0.08324324324324324,66.0,81.0,63.0,70.0,2671.24,4875.07,3799.63,1930.7799999999997,5.972313302651159,11.87931031456909,5.711529719843125,10.95525721833822,0.6289005024129177,1.1538133028046083,0.5764093147773139,1.0499161050447738,0.2773335067599456,0.03459921746645467,0.30523072814365637,0.04561279235068039,202.0260587139555,111.8480240898865,62.94894163632504,49.36560629783189,-179.06816764515528,-101.42088836579927,-52.55725323451746,-18.339121922268653,93.53672934041023,47.15701322077037,-34.64540930016935,45.83273603302234,1.5142201993470938,1.3373550695241196,1.6640762446993853,1.3234716344376949,0.8162043639567549,0.5094294592548282,0.7977931018615024,0.5852110582349134,0.43044863942067313,-0.09266724542262844,0.22992265610736357,-0.06833037896405855,2.2224151848151843,4.945807092907093,3.5871474925074924,1.9664674125874124,0.0008985481785481784,-0.00014161580161580164,0.00042539040539040537,-7.144627144627153e-05,24
28,227.592,2644.2033,219.54469999999998,1796.2555,0.16239556885860873,0.31183558863062233,7.184729408275036,-0.10409786316122105,0.7892181890936806,-0.1959067762701975,2.1841569816389192,-0.13518646772479107,0.3914,1.5713499999999998,0.35139000000000004,1.2920099999999999,0.2727600410617362,0.41840468149866583,0.3099512347128173,0.3563224100446111,0.696883089069331,0.2662708381319667,0.8820718708922203,0.275789204452451,0.34,1.595,0.275,1.3,0.0,0.17,0.0,0.16,1.37,2.95,2.24,2.16,-0.00011011011011011016,1.0010010010010018e-05,0.0012712712712712713,-0.00046046046046046044,0.07480480480480482,0.12393393393393394,0.045015015015015016,0.07653653653653653,65.0,85.0,65.0,75.0,391.40000000000003,1571.35,351.39000000000004,1292.01,11.504767259280955,11.874315790578674,6.2287916462951545,8.662789014389576,0.8872838640452764,1.1223052900669452,0.5150386543758354,0.8593871381355578,0.0419590344370544,0.04973159372616376,0.37896679743615636,0.0631113318027321,22.18483841049254,90.8544709242502,115.55841664422813,139.65234620294913,8.674789052344746,-90.85429080362238,97.52558773265724,-105.44076001684807,-20.4184987253467,-0.18091295211724412,61.987961691934935,-91.56977627502323,1.506858584166248,1.429938602095686,1.62418275934291,1.4454001736244602,0.462933849537923,0.5030977043050302,0.7905784466758816,0.706750711353242,-0.12056375792473394,-0.19547801744733226,0.5055583037329611,-0.479111602726834,0.4483015184815185,1.712870969030969,0.08025164835164844,1.5874070529470528,-0.00011391695391695392,-0.0002833252633252633,0.0005428195228195227,-0.0005913854913854915,30
30,1497.162,29846.729,4213.926299999999,6292.9057,0.1424987937662361,-0.44342708899398264,1.4229661247819805,0.10729977263051538,0.03464642364797487,0.039440940339747044,0.9657813231231696,-0.09916877546112929,1.16388,5.445180000000001,1.96479,2.4913100000000004,0.3775517787006174,0.44355807691890814,0.5945809918757915,0.29373488710059625,0.324390640530482,0.08145884560637262,0.30261808736597373,0.1179037884087473,1.1600000000000001,5.44,1.9100000000000001,2.49,0.0,4.31,0.31,1.58,2.34,6.7299999999999995,4.0600000000000005,3.41,0.0011211211211211213,0.0012512512512512504,0.002022022022022022,0.0012812812812812815,0.09667667667667668,0.1511811811811812,0.06414414414414414,0.09731731731731731,79.0,85.0,60.0,87.0,1163.88,5445.18,1964.79,2491.3100000000004,10.362053290228232,13.588815725848237,4.381293086441425,13.39573093654995,0.9828994130141355,1.3222871425716352,0.4731797467586139,1.2413990074332966,0.02346572185571638,0.012622462523207645,0.3095633784593961,0.007343852711935384,117.15488306857655,49.3039295568612,145.74923596077767,19.500902873640946,39.0860812507785,-19.738464716817468,69.33818234758408,17.425082576302074,110.44249580333371,-45.180421427548495,128.19928335167722,-8.755096235692186,1.5238254496348762,1.4019600540777155,1.4691537321049306,1.4152160209366824,0.5274334953619625,0.2921120780242687,0.9051770319140597,0.35764537193816803,0.5027922071951193,-0.1680142704436051,0.6694531099822949,-0.1363985246859362,0.8354132667332668,5.57413048951049,1.2760464935064935,2.5606352647352653,0.0006575910575910577,-0.0002581591381591382,0.001378865878865879,-0.0001387893187893188,30
31,1521.2962,19968.733099999998,1703.2705999999998,17120.014300000003,0.17954279823689623,-0.20248481606462665,1.4332377134877903,-0.007707698918380856,0.4698705809821255,0.13395988852773497,0.6973912377662932,-0.10058140861898816,1.20232,4.44259,1.2907200000000003,4.12523,0.2751777927086414,0.4817957989646651,0.19316439009299824,0.32014332274779683,0.22887234073178636,0.1084493052396609,0.14965630817915443,0.07760617535211294,1.18,4.42,1.28,4.140000000000001,0.58,3.25,0.82,3.0999999999999996,2.15,5.93,2.08,5.2,4.004004004004007e-05,0.001381381381381382,0.00032032032032032037,0.0006606606606606608,0.06974974974974976,0.17715715715715719,0.04172172172172173,0.08902902902902902,76.0,85.0,60.0,76.0,1202.3200000000002,4442.59,1290.7200000000003,4125.2300000000005,10.739603272700498,14.546490000069284,9.34892443864906,11.303465671567704,0.9406485084245175,1.3793996109215323,0.8562326593828982,1.081449796126726,0.03535828141600028,0.008735714520287097,0.04811353978012889,0.06249288268731412,47.77737224177455,29.478360447714817,67.0726144035615,67.85535096915298,-10.982135405882985,29.472148001914743,-16.811237846296976,-55.529956192731206,-46.498064478598906,0.6051667857955696,-64.93164009174632,38.99708476771417,1.5204517420895778,1.2465137772242105,1.679490266186498,1.360393715844757,0.5369018982536218,0.41928483656502824,0.6125895089730389,0.6245172559732272,-0.1699055738258233,0.01827165079378801,-0.43085088423976364,0.09436651298048081,1.2832197802197802,4.427357642357642,1.4347259340659344,4.072955644355645,-0.00016196152196152195,3.0495210495210535e-05,-0.00028830016830016825,0.00010465336465336461,30
32,2514.0338,2263.5254,9898.8257,2188.1295,1.1625389246742643,0.5476116937096722,1.2155093837554918,-0.5856549525843073,0.3187158477271278,0.6797115341182273,0.2939409689109636,0.21433578242756568,1.5385799999999998,1.35088,3.1176099999999995,1.39539,0.3831519066897619,0.6623055379505746,0.4234779662509019,0.49093405656971895,0.24902956407191174,0.4902771067382555,0.1358341698451384,0.35182569501696226,1.52,1.255,3.08,1.35,0.24000000000000002,0.0,1.9,0.4,3.0100000000000002,3.76,4.87,2.7800000000000002,0.0013813813813813812,-0.0002602602602602605,0.002152152152152152,-2.0020020020020484e-05,0.0918118118118118,0.12330330330330332,0.07096096096096097,0.0877877877877878,78.0,75.0,63.0,70.0,1538.58,1350.88,3117.6099999999997,1395.3899999999999,9.823469256148199,7.495106836359495,6.921071674144105,7.146472938498064,0.9180877563107631,0.7802992581405861,0.6842385848530377,0.7830184872419511,0.05198212713223427,0.1053660099178213,0.23577858593741574,0.08029145196536636,48.80466353657816,76.35556109018457,32.90027370770898,36.901739654101114,45.34110221700315,72.29297061957057,-16.42144595887396,35.77482958552338,18.057675173340392,-24.57433841214884,-28.50901826899603,9.049859536248057,1.524675481401177,1.4193416518104156,1.5930506918185359,1.4709734698785013,0.5545667689960067,0.7726940770392158,0.721648674881886,0.7851906325366083,0.31084357156835796,-0.11514702497073753,0.3289597392973848,-0.15045602050035292,1.3324984015984014,1.4828385214785216,2.8765640159840156,1.5231983016983017,0.00041257577257577255,-0.00026418122418122415,0.00048257454257454263,-0.0002558724758724759,25
33,703.2422,9439.0335,1134.2262,5270.4355000000005,-0.37589862137267893,-0.8177062806648099,-0.16045962949507597,-0.9367678992252029,-0.0788468440783294,-0.01290633755451689,0.4212857636688045,-0.11501310540480811,0.76534,2.91769,1.0337,2.23731,0.342778185420251,0.9623505410711837,0.2563015996828736,0.5146644187235018,0.44787700292713173,0.32983303266323144,0.24794582536797288,0.2300371511875877,0.77,2.9400000000000004,1.01,2.3200000000000003,0.0,0.56,0.49,1.12,1.6,5.64,1.7999999999999998,3.5,0.00016016016016016013,0.000630630630630631,0.00030030030030030023,0.0003803803803803807,0.0817017017017017,0.15416416416416415,0.05711711711711712,0.08710710710710712,65.0,68.0,60.0,68.0,765.34,2917.69,1033.7,2237.31,9.847303170206196,6.586814826500805,9.019994793662399,6.762022558610082,0.9350655665591551,0.662591661266048,0.8380621533782977,0.6993619714836682,0.0754644468245278,0.17362309728644298,0.07300237608509708,0.18627612550999562,86.51176914609715,463.42168111182644,25.051279829397473,273.6193300530537,-54.55535480833846,-192.9081239289334,-20.560407553956544,-39.99233525166979,67.14163732382394,421.3622079004365,14.312101952752553,270.6809023551532,1.638171062833556,1.5636995731571441,1.4973668198259769,1.4180046042505035,0.5411093054442535,0.8024456637805671,0.5965838755891244,0.8430811158457924,0.27535047913552796,0.6782419870379831,0.09743354957774646,0.7954638321038255,0.6020252747252748,1.788299060939061,0.9904898101898103,1.5289224575424574,0.0003269564069564069,0.0022610429210429208,8.650688650688651e-05,0.0014181932781932782,31
34,2942.3356999999996,19113.268799999998,4751.608399999999,9628.0069,1.0565370877639313,0.005889897839221003,0.20040167459902447,-0.19770455841857437,-0.23558574660326995,-0.3628333053362079,0.7217813128657935,-0.3600152484919296,1.67615,4.300520000000001,2.1401999999999997,3.05675,0.3644953737703676,0.7866362117268694,0.4137056441481068,0.5331850874696328,0.21745987755891036,0.18291653375100436,0.19330232882352436,0.17442875193248802,1.6600000000000001,4.42,2.06,3.14,0.22000000000000003,2.07,1.18,1.3499999999999999,2.81,6.760000000000001,3.46,4.66,0.0006206206206206208,0.0012812812812812815,0.0008408408408408407,1.0010010010010242e-05,0.09909909909909907,0.17743743743743745,0.06546546546546547,0.09312312312312312,78.0,90.0,65.0,76.0,1676.15,4300.52,2140.2,3056.75,10.904444238971227,8.87468175714473,6.429419693152257,7.036105164990723,1.0627743467857822,0.9850627563341008,0.6352568468875962,0.7602209936364652,0.04323534393765449,0.05360686059150588,0.24303908214503878,0.14590590970457562,104.92775593179023,329.45586416298835,131.17397870490228,215.96033268793536,-1.6511982368804214,9.671193118527215,125.31360257749368,-47.97696207630918,-104.91476306632858,329.31388439457817,-38.77001029564124,210.56371103448026,1.3487506275780632,1.2651363414394066,1.4401061327345168,1.3827615929438672,0.617903049363635,0.805687319475508,0.8105301295443024,0.8413822015278883,-0.2791196544644385,0.32345203523393024,0.05032385081301369,0.21865915580050893,1.852188951048951,3.8602590609390615,2.1041760239760237,2.8550193006993005,-0.00035243033243033254,0.0008814032814032813,7.21200721200721e-05,0.0004038652638652639,31
35,2631.1875,12687.3988,1645.3113000000003,8460.891499999998,-0.5080746838124863,-1.1501149578699845,1.3307108425499004,-0.3791599006681525,0.09733219437455622,-0.09717170216546932,0.7899468904053758,0.419071633091275,1.5620899999999998,3.4146000000000005,1.26025,2.8628299999999998,0.43710677402666726,1.0138568143480617,0.23891680037201235,0.5148746362950889,0.2798217606070504,0.296918179098009,0.1895788933719598,0.1798481349905824,1.55,3.4800000000000004,1.23,2.79,0.55,1.05,0.67,1.72,2.7,5.5,2.24,4.48,0.00039039039039039027,0.0010510510510510509,-0.00015015015015015006,0.0013813813813813812,0.10717717717717717,0.18357357357357357,0.0631931931931932,0.09603603603603604,73.0,69.0,66.0,64.0,1562.0899999999997,3414.6000000000004,1260.25,2862.83,10.230376773547743,7.343330460557388,11.03741902875381,7.426142460040519,0.8972767915180139,0.7255958862975542,0.9783209974928166,0.7573281863481981,0.0777633992535458,0.18063116685486502,0.07344403786902731,0.1465064166985366,44.08631611410432,118.6020566282583,43.40770916407164,29.407887163624846,43.952599434378044,114.34218619694255,28.269118364639375,23.99952576269689,3.43107439060207,-31.500988748868025,-32.940646043431485,16.995487359712264,1.6716029551819487,1.6864027481188697,1.5559483367086153,1.5746453742703093,0.49191435771911324,0.7180044701594501,0.45827112810956616,0.7321525987371935,0.012416886411592753,-0.08289164162686755,-0.24564833580919856,-0.0030676889680048666,1.5526986813186812,3.560016503496504,1.3618016183816184,2.8655629970029968,1.8801438801438814e-05,-0.00029112413112413106,-0.00020330654330654333,-5.471465471465504e-06,29
37,1874.4886999999999,7417.064699999999,4466.4538,10000.140500000001,2.2256910551130136,0.21517109476888052,0.6843051713580608,0.14607975867310907,1.3359728612398003,0.7471251980401701,1.149380740456593,0.21131083328416922,1.3271100000000002,2.67671,2.04478,3.1383900000000002,0.3365527416319766,0.5022830635209592,0.5341615407346358,0.38813490940651035,0.25359822594357406,0.18764941421407594,0.2612317905763143,0.12367325584344531,1.26,2.59,1.88,3.15,0.63,1.68,1.14,2.21,2.68,4.32,3.62,4.48,-0.00020020020020020037,-0.0015915915915915915,0.0007807807807807805,-0.0011411411411411418,0.08036036036036036,0.1492392392392392,0.057977977977977976,0.08752752752752753,78.0,87.0,53.0,70.0,1327.1100000000001,2676.71,2044.78,3138.3900000000003,9.597812986119916,12.018217345262983,4.5526126475898,9.17431180176315,0.9545762464244206,1.1235452313790721,0.420307717814962,0.9590878679255019,0.09567278308944971,0.030711070607446267,0.39838439389162694,0.045383157216170034,63.013997202046966,110.14262175405446,27.54610427691135,32.89867001601506,34.03075530917007,96.86298974011457,23.860544789095677,31.517468769340198,53.03462582565258,52.43050968151247,13.764529167466389,9.432478528802147,1.3469424593162973,1.3019197499227833,1.4950916549339328,1.4030577715227988,0.7312006766671593,0.5922521867571845,0.9007193710004735,0.6923447842952053,0.07653753310742831,0.0394845578438517,0.39904771786410537,-0.08081643834481544,1.2825388411588414,2.6423935664335665,1.6759520879120877,3.1926661138861143,8.92315492315492e-05,6.87015687015687e-05,0.0007383942183942183,-0.00010866088866088871,29
38,740.1158,15246.0528,1315.497,7208.7913,-0.21105042593146361,-0.5087409940675962,-0.12611983842183738,-0.8161515780006177,-0.4003706431480331,-0.8119169644804046,0.48349325214234123,-0.2998521761095608,0.77228,3.7766599999999997,1.1059,2.64217,0.37907703913584634,0.9914091205955289,0.30410884564576546,0.4772095882314185,0.49085440401906866,0.2625094979679211,0.27498765317457763,0.18061274945647648,0.81,4.14,1.07,2.71,0.0,1.1400000000000001,0.42,1.54,1.85,5.77,1.92,3.74,-0.0003903903903903904,0.003113113113113113,0.00020020020020020016,0.0013313313313313313,0.0731031031031031,0.14261261261261263,0.06368368368368368,0.07914914914914915,67.0,76.0,73.0,71.0,772.28,3776.66,1105.9,2642.17,8.227514858319244,5.816414158478034,8.639275048587862,6.554542784110821,0.6530348018148014,0.6118138856419928,0.7766710996730549,0.714034980598975,0.07316320000495047,0.25357521833450836,0.18597162419148283,0.12186135697486922,101.68993174919076,69.29707137792563,85.49774083563963,42.310028148810616,-101.6612321980943,38.65337266974598,-65.82996002820772,36.01193975575701,2.415799478481303,57.515223052780165,54.55529351660363,-22.209877914587338,1.583092615079981,1.5756964130211029,1.5253509135949466,1.5091215518789842,0.7102929856109077,0.8376854298870023,0.678586045246541,0.818581537172881,-0.20298654576645142,0.022386203783874094,0.3644029341064517,-0.0494924547287255,0.9054238361638361,3.7382574825174824,0.9141491708291709,2.683037162837163,-0.0002665542265542266,7.688191688191677e-05,0.0003838855438855439,-8.181614181614186e-05,30
39,886.125,24580.6526,1189.1426000000001,6594.6227,-0.4761120129919578,-0.9442043079594136,0.8873092865990242,-0.7613004286772975,0.1994526892360082,0.21032710487728953,0.23174787920466983,-0.07913455789275528,0.83692,4.822799999999999,1.0142200000000001,2.52443,0.43091752528761235,1.149457593824148,0.4006250012168487,0.47103702094421407,0.5148849654538216,0.23833822547568803,0.3950079876327115,0.18659143685672172,0.8500000000000001,4.84,1.0,2.5300000000000002,0.01,2.5999999999999996,0.0,1.33,2.3899999999999997,7.949999999999999,2.59,3.65,-4.004004004004002e-05,0.0005505505505505512,0.0010710710710710712,-0.0009009009009009008,0.08966966966966969,0.1546246246246246,0.07712712712712712,0.08292292292292293,67.0,76.0,61.0,80.0,836.92,4822.799999999999,1014.22,2524.4300000000003,8.589339845198536,5.408218930005634,8.034766635476087,6.983072434809362,0.8132708079943576,0.5857109466638302,0.6960436597010525,0.7302892760300495,0.12551572470521144,0.2774525531911527,0.2026960585903952,0.1142294788646625,133.6054239701467,693.2203020178622,11.56189758326012,241.32093345814818,-106.67122550396493,-479.3394069908562,5.381121996737727,-154.35153303335068,-80.44662182916639,-500.78749987933037,-10.233327991519747,-185.5030920911197,1.5573153046769483,1.431891638564727,1.616598372613148,1.4743323399001491,0.6441450093044693,0.881761185345789,0.5963852532522873,0.7927344396221171,-0.14419159765936537,-0.44757580106932443,0.10475975941699958,-0.4719651873368115,0.9444328671328671,5.712996503496503,0.9415995604395606,2.9091026773226774,-0.00021524097524097525,-0.001782175182175182,0.00014538626538626538,-0.0007701154701154701,40
40,386.0494,2121.7152,4336.7706,2925.0088,0.03486193050204278,3.613893853352358,0.7820731217465151,0.5712742331473293,0.6493327163613228,1.7519727363357442,-0.17553868280483875,0.6147301712499803,0.5150399999999999,1.3051599999999999,2.0387600000000003,1.6844000000000001,0.34753877251322624,0.6467399588706423,0.42453299329969635,0.29631982721377254,0.6747801578774975,0.4955254213051598,0.20823098025255365,0.17592010639620786,0.45999999999999996,1.13,2.035,1.65,0.0,0.26,0.5900000000000001,1.0,1.72,3.99,3.3,2.76,-0.0005205205205205206,0.0013813813813813812,-3.0030030030030056e-05,0.0007307307307307307,0.07907907907907907,0.1096096096096096,0.09712712712712712,0.08333333333333333,64.0,70.0,73.0,81.0,515.04,1305.1599999999999,2038.7600000000002,1684.4,10.071640862723163,6.860811975225016,9.114620977317184,11.16138718175759,0.7205105078095932,0.7288628775377961,0.8493878202574325,1.1790596089306173,0.11096305590176225,0.21849153537383526,0.12080043203436563,0.010127576328640586,47.28065309537591,148.78365839652628,46.91177618514687,34.06589329659186,-31.40586239876453,109.56822347218068,-31.324422218915867,12.820458821029693,35.343061046196155,100.65476347895562,34.92127313682024,31.561383393524814,1.5858586412245899,1.4383701659392691,1.7714121291203244,1.3443337271880622,0.5342872989872811,0.8188780719359106,0.5775022923675878,0.6081366682826653,-0.12085899967026645,0.48393281521400316,-0.1376230666044502,0.36420101844831104,0.587718941058941,0.763606833166833,2.1398548451548454,1.497663936063936,-0.0001455033855033855,0.0010841905241905244,-0.00020239208239208238,0.00037384597384597384,30
42,1848.8607000000002,12165.2272,80.0268,6437.780400000001,-0.1778701185819398,-0.9724504136612526,0.9084937060577429,-0.46963036401965574,0.5256297332721364,0.45054595960570937,1.120228241116864,0.47321848034233677,1.2880099999999997,3.28592,0.21046,2.4820200000000003,0.43576477588258555,1.1695969192845883,0.1890327707039179,0.5266470541073974,0.3383240626102171,0.3559419947182489,0.8981885902495387,0.21218485512098909,1.2200000000000002,2.9699999999999998,0.16,2.3899999999999997,0.30000000000000004,1.03,0.0,1.1400000000000001,2.71,6.41,0.9299999999999999,4.02,0.00016016016016016018,0.0008708708708708714,-6.006006006006006e-05,-0.00018018018018017988,0.10414414414414414,0.17536536536536537,0.04624624624624625,0.10456456456456456,79.0,76.0,71.0,86.0,1288.0099999999998,3285.92,210.46,2482.0200000000004,9.748728614032775,6.06618491720542,10.531660545697028,7.834129324782956,0.9004364718952953,0.5850013294995347,0.7334497129479334,0.8034185287847121,0.08237429453819178,0.24640841442659056,0.09918940354371486,0.11377929598649583,162.09939581851899,125.05479374787367,74.72257998549236,23.267501379212135,161.78142040780187,48.33066452157462,74.66410981186222,22.294178781102005,-10.148208490317366,115.33797425924487,2.955446783564619,6.6592952260655665,1.5921553298556426,1.618418274504323,1.5854195436240046,1.4770234405808358,0.6327311917371529,0.8315244020757012,0.5448467924262482,0.7800044369857523,-0.1332517664411453,-0.08216809030912518,0.11204981354476887,-0.14196753060761633,1.3884834765234761,3.45220985014985,0.17380995004995003,2.61139042957043,-0.00020114810114810119,-0.00033291261291261285,7.337347337347339e-05,-0.0002589998589998589,29
43,1257.6197,2161.1733,2714.0172000000002,3011.4578,0.16947467295272034,-0.2480746726852061,0.8680224787501718,-0.2353688378256198,-0.23395186735061135,0.04336864790834143,0.8368609061876342,0.036449414302257184,1.08517,1.4290900000000002,1.5973600000000001,1.69924,0.28288826610518863,0.34478264442979145,0.40306107527271845,0.35219486424421353,0.2606856677803373,0.24126027362152938,0.25232951574643064,0.2072661096985791,1.0899999999999999,1.4200000000000002,1.54,1.69,0.1,0.47,0.73,0.47,1.86,2.38,3.01,2.64,-2.0020020020020037e-05,-0.0008308308308308307,0.0004704704704704702,-0.0014814814814814816,0.08586586586586585,0.11112112112112112,0.06855855855855854,0.09001001001001,80.0,75.0,70.0,74.0,1085.17,1429.0900000000001,1597.3600000000001,1699.24,12.555943384462532,12.7510130926424,6.905289700786968,10.148714458947717,1.1585056666544749,1.2591981897454663,0.6705236280632227,0.979206418423313,0.0059533897596715235,0.025147819942298533,0.23077566618893997,0.031230824725023254,44.682528292787566,86.2853571878408,127.50722613155563,108.14363655583612,4.568797302577578,70.34228764311192,65.92141371497075,50.72863067404052,-44.448334342736864,49.971246073787036,-109.14421619849276,95.50734085638427,1.4798622120935745,1.407585945261354,1.5774567962808006,1.4546130249260307,0.3871620935984273,0.41290089412668884,0.7627321250727025,0.5977617826436027,-0.35162064539918936,0.19750135649359435,-0.4880940910305497,0.4934834711700957,1.257283776223776,1.3112638161838164,1.9377687712287714,1.3985063936063937,-0.00034457212457212455,0.00023588825588825594,-0.0006814990414990417,0.0006020692820692821,36
44,586.5265999999999,396.7243,714.1509,1928.7238,0.5640515914387838,-0.23047872472697684,3.4962149094466013,-0.3726051573038949,0.6759590915987933,0.28377543178448567,1.5182541833566867,-0.2152218858632412,0.7068,0.5775699999999999,0.78179,1.36398,0.2948904203259238,0.2512711585120744,0.3208664767469484,0.2613089351706137,0.4172190440378095,0.43504883998835536,0.4104254041967132,0.19157827473321729,0.6699999999999999,0.55,0.72,1.385,0.01,0.01,0.22000000000000003,0.58,1.98,1.4500000000000002,2.26,2.01,0.00033033033033033035,-0.0006806806806806807,0.0003703703703703703,-0.00037037037037037046,0.07916916916916918,0.08512512512512511,0.0605105105105105,0.08691691691691693,80.0,77.0,70.0,80.0,706.8,577.5699999999999,781.79,1363.98,11.058230073762829,13.643570229662293,7.78934570602743,13.165439910822112,1.058248794858589,1.2198978049623566,0.740308289699951,1.2512093115409613,0.017088284226495887,0.009841536618679037,0.215177701235846,0.011522235849172446,74.83050183770585,82.36444904043562,58.332316684157625,53.17417857491532,-29.230777538210038,60.681626753028496,-15.752232075290191,39.34928810051268,68.88516276960209,-55.69239302041754,56.16517029607452,-35.7648821205919,1.4613272544951952,1.2610733848733489,1.5835821329858704,1.3153324273691087,0.4847170439866634,0.5153125661362828,0.7175406264563553,0.5166691771845823,0.215554107953978,-0.2536649566207335,0.2312243389893486,-0.04907391476410183,0.5968125074925075,0.6878583016983015,0.6534138861138861,1.3861686713286714,0.0002201951801951802,-0.00022079740079740062,0.000257009237009237,-4.442176442176444e-05,32
45,2947.1155,15312.0698,4203.0576,5528.1746,0.2371592756840224,1.1285678207400207,5.602793090893648,2.658030736787713,0.04093793671091256,-0.6133323076309356,2.4114197830969055,0.3087326113382113,1.64427,3.8486599999999997,1.785,2.3033599999999996,0.493448748199851,0.7070261695298131,1.0083811779282672,0.47191875402446126,0.3001020198628273,0.1837071005310454,0.5649194274107939,0.20488275997866653,1.6400000000000001,3.9000000000000004,1.46,2.295,0.23,1.46,0.68,0.83,3.05,5.96,5.86,4.24,0.00037037037037037024,-0.0008208208208208209,0.0011911911911911903,-0.00029029029029028987,0.09052052052052052,0.12326326326326327,0.07154154154154153,0.08367367367367368,68.0,69.0,58.0,72.0,1644.27,3848.66,1785.0,2303.3599999999997,7.547352137236208,7.169108582145122,3.10309768957229,7.262699853296737,0.7345180838836388,0.678744440349302,0.25132284628533397,0.7076232680472085,0.11377876022841082,0.21593493723916968,0.4301633543116923,0.16127287279364744,50.645780654625845,218.07899251321905,377.1896146264697,96.32234842519759,46.89389401455662,-215.8117802418688,374.8330651748887,-89.57993047613081,19.1300235825261,-31.36435053394167,42.09725209158375,35.40382552827782,1.7253527288702044,1.5033598165159325,1.7900691189768954,1.584323569248979,0.707105952008385,0.7514348514319922,0.9048757492669098,0.7327220866023689,0.01865625688643716,-0.09802481267011189,0.10119166599139745,-0.014429079688968425,1.6283408391608392,3.968581718281718,1.6084385814185813,2.3151423576423573,3.1890211890211894e-05,-0.00024008352008352004,0.00035347631347631357,-2.3588303588303597e-05,34
46,985.1339,17287.4049,6233.833,6436.5789,-0.26208483305334385,0.2827825257695573,-0.5977918914365379,0.41704508232845283,-0.042329105883826636,-0.2608656797405476,0.039732452345860904,-0.009935615839121018,0.9157499999999998,4.12485,2.41246,2.50359,0.38279999673458726,0.5225106482168569,0.6433270928540162,0.4106288006216807,0.4180180144521838,0.12667385437454862,0.26666850138614373,0.1640159932823189,0.95,4.164999999999999,2.42,2.52,0.01,2.59,0.89,1.01,2.2,6.07,4.18,3.7700000000000005,0.00024024024024024023,0.0007807807807807811,0.0013313313313313311,0.00010010010010010063,0.08594594594594594,0.15621621621621623,0.08093093093093093,0.10336336336336335,74.0,80.0,61.0,72.0,915.7499999999999,4124.85,2412.46,2503.59,8.901800317615221,12.164114147397129,5.0789562870503495,10.364038138265405,0.9835607488373359,1.1844839604900388,0.5626403680779787,0.9626512829647893,0.03622619253850967,0.04260811702486311,0.28868587504585186,0.06950413392574006,77.44183603063706,110.14712050080576,46.16626080058753,81.14770250625298,-51.32175898073237,-81.04054868884596,-25.270585549325038,-61.819317965727535,57.99409472454667,-74.59770521155332,38.63574953721112,-52.56730493658215,1.3978142789777959,1.3479411102609082,1.6512841673191816,1.4074434083535725,0.6976843359556973,0.538477266500064,0.8577056283464884,0.5866742970974277,0.485722992364284,-0.12356489906143597,0.45328508405115614,-0.23412891183787737,0.5940234365634364,4.236566313686314,1.9078804995004992,2.669943056943057,0.0006440972240972241,-0.00022365628365628374,0.0010101691701691702,-0.0003330391530391531,30
47,1071.5499,7261.1149000000005,4959.000599999999,1621.7972,-0.1478771588014891,-0.3070587234734612,8.051694848937823,0.106834968723577,0.42468524421124104,0.017956542531121618,2.58241168807286,-0.10558366631699374,0.92335,2.63437,1.98674,1.2454,0.46794730205440865,0.5667535646998614,1.0059148932191033,0.2660376665060796,0.506792984301087,0.21513817903326463,0.5063143104880877,0.21361624097163928,0.895,2.61,1.7999999999999998,1.25,0.0,0.96,0.56,0.29,2.19,4.14,6.49,2.1100000000000003,0.001971971971971972,-2.0020020020019816e-05,0.004544544544544544,-0.0015515515515515514,0.09154154154154154,0.13551551551551552,0.08026026026026027,0.08445445445445446,62.0,87.0,56.0,75.0,923.35,2634.37,1986.74,1245.4,8.360286066121189,9.657184976927121,3.2294669634485347,12.817182672151873,0.6926682533477257,0.9276120619977123,0.34669060688358644,1.1695560525639206,0.15574605285202825,0.07715435902506051,0.49239709282573596,0.017834875766406633,150.86081589785476,58.232664213674695,299.3014306913046,2.5447159384478066,150.61769899166376,-38.39881790310546,271.07780263244854,0.03080039448934961,8.561222098684294,-43.778693048864966,126.87856924565733,-2.544529532760349,1.7752851659922206,1.4933074656175644,1.737993910547556,1.409814269550529,0.622262292458715,0.6776726139927846,0.8986150702459699,0.41138164864974786,0.19322327629678243,0.13735051292775846,0.4728838798513502,-0.26677710023367995,0.7668974225774225,2.499675184815185,1.16365994005994,1.3682055544455545,0.00031321837321837323,0.0002696592896592897,0.001647807927807928,-0.0002458569658569659,31
48,49.7686,9275.0749,927.1120999999999,4767.5958,12.686389640408239,0.7518422916840937,2.794274075298913,-0.06734108373954228,3.5525606283465385,0.6252887250097332,1.8949436872532344,0.32229483305654677,0.06912,2.93555,0.74749,2.1545199999999998,0.21211088043756737,0.810938405490824,0.6069355813428637,0.35445644245802616,3.0687338026268427,0.2762475193714377,0.8119648173793145,0.16451759206599437,0.0,2.89,0.53,2.12,0.0,1.17,0.09,1.22,1.27,5.79,3.01,3.2399999999999998,0.0,0.0026326326326326327,0.0007107107107107106,0.0007507507507507507,0.01045045045045045,0.1631931931931932,0.04121121121121121,0.08437437437437437,13.0,69.0,54.0,78.0,69.12,2935.55,747.49,2154.52,4.8962914521637,8.25990710542102,2.9196388966914837,9.553614497396296,0.02951001228288857,0.753361408205679,0.2197955812302318,0.93366677550599,0.08028377719462565,0.1471513403056397,0.40584154904373726,0.05095619987393807,64.15003847995588,127.87164524864241,259.3351881344833,17.540221750562264,55.87536609744178,-14.090937742861772,189.95677537023386,-11.399092922319241,31.51461407754624,127.09289174505963,176.55357061155786,13.331168726230601,1.6857492643817802,1.6075777647092298,1.6827967797268006,1.4420200963250216,0.8813647772072871,0.6160408720149014,0.9501282820758112,0.6204046513655251,0.4552351192791955,0.3883526396731302,0.7242306865435926,0.07598498900625025,-0.09796021978021978,2.3906203196803197,-0.013091668331668416,2.1079166633366633,0.0003344949344949345,0.0010909503109503111,0.0015226860226860229,9.329997329997328e-05,33
50,2636.2349999999997,20335.1498,8630.716499999999,7509.3267,-0.0989273851660517,0.05392566333384252,1.028703618645522,-0.3129327669347095,0.035103926905577426,0.2325047817108067,0.913188010240756,0.4160099820041687,1.54396,4.48886,2.8551100000000003,2.72243,0.5024166780671199,0.4304482551945123,0.6921440514083756,0.31257254373984933,0.3254078331479571,0.095892555168687,0.2424229018876245,0.11481380374880137,1.54,4.46,2.725,2.69,0.05,3.2600000000000002,1.51,1.96,2.7600000000000002,5.9,5.2,3.5599999999999996,-0.0012512512512512512,0.000690690690690691,-0.001091091091091091,0.00044044044044044085,0.08795795795795797,0.1128828828828829,0.07124124124124126,0.0679079079079079,66.0,79.0,61.0,74.0,1543.96,4488.86,2855.11,2722.4300000000003,7.216025769573723,10.535804167689987,4.304904539606189,8.817538574669179,0.6804945996820501,1.0511175524441307,0.4401677988719117,0.8694979770823741,0.20569686742562698,0.03905524717712261,0.33766074889845754,0.10531759089487291,195.91253941600561,10.410305309990424,151.83835184756106,144.02567088452383,-174.129501155993,3.197537281566156,-138.77208271369216,106.97200309270717,-89.78106664321257,-9.907078882304779,-61.62137738713679,96.43850075603117,1.6658144975580147,1.4360586060822524,1.7657415205501112,1.3964434761756448,0.723220505268885,0.6191647218326768,0.878828578963523,0.746558958492424,-0.3293495177103754,-0.09074514835965111,0.02917131409961482,0.5189659914668945,1.8302771828171829,4.556448171828172,2.820173546453547,2.441747032967033,-0.0005732075732075732,-0.0001353116553116553,6.994284994284994e-05,0.000561927861927862,35
52,257.51640000000003,6367.1127,1348.5331,4803.1144,5.923183842117906,0.3023278487742793,3.0506642718702994,2.3448593242429854,2.137254284370949,0.7061230372635863,1.5561396191707801,0.8469003354918188,0.34188,2.4499299999999997,0.91127,2.1422,0.37501262058762774,0.604115630570837,0.7198055897949113,0.462702452986798,1.0969130121318231,0.24658485367779365,0.7898927757908317,0.21599404956904025,0.24,2.35,0.79,2.1,0.0,1.14,0.0,1.0,2.33,4.5200000000000005,3.7800000000000002,4.26,0.0,0.00021021021021020973,0.0007807807807807808,-0.00011011011011010998,0.05047047047047047,0.11988988988988988,0.07705705705705708,0.08083083083083083,61.0,72.0,58.0,72.0,341.88,2449.93,911.27,2142.2,5.997130907634193,7.932711539536305,4.738388320061469,7.018430805131087,0.4057534171774816,0.7752279675479532,0.41530942436903756,0.6932454654880307,0.29282528713688816,0.15401633254333813,0.4293652230427618,0.18738332411647196,67.53362166920236,196.7140314812367,141.66841105793443,136.89736197418324,31.36026906502512,194.0470592407856,88.08132291728424,58.026865475163376,59.810731310762165,-32.282332344550696,110.95773630000289,-123.99101015242132,1.5445360535366488,1.5402532361652415,1.9097155104625225,1.5388836074914682,0.83904254711475,0.7103999446630846,0.838022224355629,0.7887516046488033,0.20802589181712547,-0.002953873045907611,0.2822503548533681,-0.47176772196210476,0.20689372627372632,2.453017722277722,0.559728951048951,2.519908151848152,0.00027024279024279017,-6.181626181626273e-06,0.0007037858837858838,-0.0007561724761724761,34
53,627.5389,444.6024,3304.3874,172.55769999999998,1.2713242808639698,-0.10925992303061838,4.021835975734518,0.450244509988718,-0.0008494540655380055,0.25992449359641556,-1.2048573312157802,0.3187462819057518,0.76227,0.6090800000000001,1.8032,0.38577,0.21559997008348586,0.271337342804119,0.22990685070262695,0.15407532930355852,0.2828393746093718,0.4454871984043458,0.12749936263455355,0.39939686679513314,0.75,0.6,1.82,0.38,0.0,0.0,0.7,0.0,1.46,1.54,2.45,0.96,0.0004504504504504504,2.0020020020019982e-05,0.0005805805805805806,-0.00043043043043043043,0.06815815815815816,0.08494494494494495,0.05247247247247248,0.04235235235235235,73.0,78.0,62.0,62.0,762.27,609.08,1803.1999999999998,385.77,12.904673836593862,12.851917648463806,9.318071599132196,11.130303942541522,1.1139018427133378,1.1695226548593585,0.9209639684467832,0.9677392937101971,0.04428852596649069,0.015403388427735365,0.11658453043402428,0.027638509568599368,17.420765738411554,40.61877748945841,32.61005092987486,26.910187213133984,-1.756276554727762,-38.26827028573674,1.0676048194752266,-7.944268514810403,-17.332010026997082,-13.6170692175641,32.592570343537886,25.710829889572054,1.4658821830337576,1.3869832579834878,1.4379710245199946,1.4554111844359992,0.32920644872447424,0.3957752802935839,0.6055009026298852,0.48477458867134743,-0.0157247980277164,-0.09938208187743708,0.37138134473806567,0.2989191603441998,0.7681362437562438,0.6557399200799201,1.6554599200799198,0.3060782817182817,-1.1744231744231758e-05,-9.34132534132534e-05,0.00029577593577593587,0.00015954297954297954,33
55,5641.2705000000005,1782.6777,13891.8043,906.7703,-0.23129541308687696,0.44052606087853396,-0.3811693564213714,0.33360701619325406,0.02289668248455119,0.29012712124203965,0.756156245518889,-0.2000286558960115,2.28627,1.2801500000000001,3.50381,0.90049,0.6436147816046489,0.37933320115697755,1.2708736301851573,0.309657972447021,0.28151302409805007,0.2963193384814104,0.3627119136554657,0.3438771918033748,2.3,1.27,3.2,0.93,0.7,0.21000000000000002,1.56,0.0,4.32,2.7300000000000004,6.86,2.0100000000000002,-0.0008408408408408407,0.0005005005005005005,-0.00020020020020020037,-0.0004004004004004003,0.10446446446446446,0.1125125125125125,0.09945945945945944,0.09429429429429428,76.0,75.0,55.0,77.0,2286.27,1280.15,3503.81,900.49,6.71424707636657,11.900355161590216,3.4435545385982276,12.188463495797308,0.6770245772695827,1.1339289605930096,0.3372530537481837,1.102063588985123,0.2067376439978883,0.026541080606739875,0.3999004882507826,0.032039996842473606,246.54737206583962,116.73038015032985,590.4635684021347,87.97811004346212,-246.3674431184961,-64.4002596863233,-525.4312115439325,-63.63948411585137,9.417517922794072,-97.35804128254966,269.3868362516211,-60.74671932119325,1.6372641632294513,1.3646882483649347,1.9261613719465154,1.388524717827507,0.7894808597081624,0.52999847429138,0.9209224240075624,0.4850671877790952,-0.2565242288305363,-0.43195409738767665,0.09195305463701973,-0.237165606093601,2.5719505894105894,1.5636707092907094,3.3016036163836167,1.027565054945055,-0.0005719331119331119,-0.0005676090276090278,0.00040481758481758485,-0.0002544045144045145,30
56,3365.2661,5628.3222,13217.490099999999,4151.0383999999995,-0.390569323167977,2.1542737677190495,2.6173486689938543,1.0815814260053203,0.05825064962166177,0.8242858537131248,1.524614688281603,0.727498169088882,1.7610700000000001,2.3307399999999996,3.52771,1.98284,0.5137105752269462,0.44268866305791027,0.8790632832168569,0.46838438744262173,0.2917036660819537,0.18993481171555401,0.24918808043089055,0.2362189523323222,1.75,2.3,3.31,1.975,0.31000000000000005,1.26,2.1399999999999997,1.09,3.27,4.61,7.02,4.07,0.0009409409409409409,-0.0006606606606606608,0.002292292292292293,-0.0007307307307307307,0.1282882882882883,0.14142142142142142,0.10041041041041043,0.10767767767767769,76.0,75.0,62.0,67.0,1761.0700000000002,2330.74,3527.71,1982.84,10.444526338405579,12.85103373536205,4.6809913271833095,9.44043645469103,0.87701374743115,1.2149212607336448,0.49891546974493856,0.8909939236903678,0.08205461446488105,0.028740135098723307,0.3871841222556185,0.05761687950094263,133.60706689578507,47.03025369340312,257.40101699572745,92.37280676190338,-12.484594834822152,45.775535462961514,-99.18075192287331,62.760673230151625,133.02249139264052,10.790973799662883,237.52570807903766,-67.77782325193155,1.6762068017034142,1.3802829450547356,1.8485537411191002,1.4864180041690944,0.4912723384474659,0.3975987462832784,0.8546696060315574,0.6232787444618813,0.32360819365530413,-0.005275556817914205,0.3420173351366226,-0.21317940233266522,1.47342001998002,2.3347810389610384,3.007480959040959,2.1556122477522477,0.0005758758358758359,-8.090168090168165e-06,0.0010414995814995818,-0.00034589038589038595,31
60,2172.0921,36326.1003,10624.189900000001,4979.0129,-0.14404752825330736,-0.16839605226212173,-0.8757296512344985,-0.7495177560634958,-0.5538421219676664,0.3720123628585372,0.034546486786833544,-0.1331649289399756,1.3538299999999999,5.990549999999999,2.9864699999999997,2.17863,0.5824400665304543,0.6628808320505277,1.3058280281491892,0.48226986542806094,0.43021654604378273,0.11065441938562033,0.43724799785338186,0.22136382287403594,1.47,5.94,2.8600000000000003,2.21,0.0,4.6,0.06,1.09,2.8299999999999996,8.1,5.609999999999999,3.38,-0.0006306306306306307,0.0006706706706706715,-0.0026826826826826834,0.0007707707707707708,0.11508508508508508,0.16243243243243247,0.1474074074074074,0.09562562562562563,73.0,82.0,52.0,70.0,1353.83,5990.549999999999,2986.47,2178.63,8.783005416397973,9.745563221621838,5.032286870359365,8.01517089974622,0.6106556035810821,0.9896872407872442,0.4093893581535761,0.8611602488577847,0.18585512605087384,0.0405645467670146,0.3396523769323778,0.06136998402698879,52.225632251560626,180.26202354205975,519.6687520283568,230.56768035654153,2.3146107322077527,-31.08319549692722,-181.17110556691378,54.73853729746328,52.17431591533902,-177.56191058100808,487.0653368310785,-223.97577493901105,1.8083998601471014,1.4324199760668708,2.050539086652053,1.4623062416938157,0.6002262043979607,0.6440160242132484,0.8080461229656662,0.7558178098367763,-0.0012999307423830393,-0.24774962939153314,0.2357063352849832,-0.3456795338868213,1.35514007992008,6.274717762237762,2.453891568431568,2.4670930069930073,-2.6227826227826508e-06,-0.0005689044289044291,0.0010662230862230862,-0.0005775035175035176,33
61,65.10210000000001,8010.7024,653.6029,1939.9914,6.826719417759383,-0.06722683535225427,-0.023717922228602806,0.7259032681566304,2.4866547358181257,0.1659590563630021,-0.025277370697275602,0.4380608372252308,0.12832999999999997,2.76496,0.75085,1.3515,0.22053006847139917,0.6047301864468153,0.2997118240910759,0.3368072891135226,1.7184607533031966,0.21871209219909704,0.3991633802904387,0.24920998084611365,0.02,2.76,0.76,1.33,0.0,1.29,0.05,0.4,1.33,4.51,1.54,2.55,0.0012312312312312312,0.00017017017017016965,0.00048048048048048047,3.0030030030029833e-05,0.0460960960960961,0.13816816816816818,0.04848848848848849,0.07364364364364363,46.0,71.0,60.0,68.0,128.32999999999998,2764.96,750.85,1351.5,12.60672472040625,9.111921648897484,6.7121665679294695,8.857000748917999,0.169864574357728,0.9136882580565733,0.6989047900262161,0.937985116587976,0.2785766251997872,0.07808680204902885,0.12698853171332125,0.07728013735488837,13.83591975057814,70.24158620080688,43.528383249104195,48.01262186059519,13.533964612890323,-68.70291670291164,-41.500896390747116,-18.317223860408216,2.8748003759340817,-14.621548088973588,13.129956094571204,-44.381202867612714,1.8123612758803502,1.5033866137796563,1.631900651148349,1.4838801334689293,0.19792662241986902,0.6611610259167796,0.7695305764887207,0.6774962767157016,0.04928794078952514,-0.03004454120505613,0.009289313790326822,-0.17532323912176187,0.10952233766233764,2.796397902097902,0.7460325874125874,1.4536756243756244,3.765297765297764e-05,-6.29387429387429e-05,9.64446964446968e-06,-0.0002045558045558045,28
65,5643.3087,9700.9899,16080.1084,6352.0991,-0.5601852867237125,-0.6196870386373057,-1.3439142594039974,-0.18611723021713766,-0.6691400882759052,0.2900317136872976,-0.2709157231480394,-0.16362647980522999,2.2525299999999997,3.06771,3.69938,2.50327,0.7545974417528859,0.5386513305469504,1.5474805380359393,0.29281121409536215,0.3349999519442076,0.175587435105323,0.418308078120101,0.11697148693323618,2.45,3.0250000000000004,4.215,2.52,0.28,1.79,0.66,1.58,3.69,4.45,6.4,3.33,-0.0005805805805805804,0.00039039039039039005,0.0011911911911911908,0.00018018018018018035,0.0822022022022022,0.12963963963963965,0.07648648648648651,0.0655055055055055,58.0,86.0,54.0,69.0,2252.5299999999997,3067.71,3699.38,2503.27,5.214359958894879,9.76105214230306,2.3729170983506482,9.451200758588845,0.33935604541769077,1.016752906587908,0.17535667708637584,0.9294108629004267,0.38077723343378267,0.040686418817444725,0.3011893343629257,0.02653408632629617,384.6680851471508,220.58872728189465,938.4323165929875,86.33884717237974,-376.1162885562388,200.366493783794,-789.7576043823765,75.8619759289823,80.66023316018719,92.26404918837525,506.8906579789087,41.22325968680855,1.7658588422022723,1.3724257209442832,1.8612874480876958,1.4196537149618145,0.8625453840028061,0.6749502809618305,0.9607435477486226,0.6729008834702812,-0.04573579892566734,0.28444655665724794,0.39586475616907907,0.1431169417123545,2.3122469930069927,2.802594725274725,2.639398301698302,2.4307588011988015,-0.00011955353955353964,0.0005307613107613108,0.0021220854820854823,0.00014516756516756517,22
67,2329.8643,7095.162200000001,5438.276900000001,7346.6042,-0.3660555896421913,0.4768929761248355,-0.15603116030127895,-0.24397334811021087,0.09309315296977096,0.556366574255327,0.5111010050018944,0.12407436347511999,1.49889,2.6360199999999994,2.29953,2.6972600000000004,0.2884320854204677,0.3828325477281157,0.3878642534444235,0.2671941099650215,0.19243045548403667,0.14523127583558387,0.16867109950486556,0.09906131035384853,1.505,2.6100000000000003,2.24,2.685,0.81,1.74,1.5,1.93,2.36,3.96,3.41,3.5,0.0005205205205205208,-0.00019019019019019014,0.0005405405405405401,-0.0003403403403403402,0.08482482482482484,0.11498498498498498,0.06296296296296297,0.08100100100100101,73.0,79.0,65.0,81.0,1498.89,2636.0199999999995,2299.5299999999997,2697.26,11.932395206677558,12.232561092390405,6.531709593751225,12.03592812774638,1.1290321089758268,1.1668059060829412,0.6998458233243663,1.21618839209406,0.014010127763294022,0.017085486514318404,0.14176427271047487,0.015404787283824106,36.61235167568428,66.72688928789222,113.60949111153761,53.058681151963526,20.361425774870263,-65.08537919980856,113.01660952791556,-2.6540028315480892,30.428221039660386,-14.7095604440022,11.591481416851185,52.992262780106536,1.4989469493704404,1.3537977752595511,1.5687359564363152,1.306868708052921,0.47185146171253073,0.5183897942081913,0.807403525620127,0.5754997755802715,0.353606995016543,-0.10546365896752746,0.36311172446690565,0.003407005187079873,1.3224119280719282,2.705881518481518,2.055835144855145,2.6956848351648355,0.00035330945330945334,-0.0001398628998628998,0.0004878775878775879,3.1534831534831346e-06,31
68,435.7597,4732.5482,18.848300000000002,6176.5804,-0.06107075882457913,0.5666562436732447,0.723886281492756,-0.2924908588220285,0.32424009990261177,0.4683732036142858,0.9577354123548292,0.5080990250136989,0.6113299999999999,2.10304,0.10845000000000002,2.4629799999999995,0.24906892841139378,0.5565707128478824,0.08418371279529076,0.3321293717815394,0.4074214064603304,0.26465055959367506,0.7762444702193706,0.13484858658273288,0.59,2.09,0.09,2.4,0.0,0.74,0.0,1.75,1.51,4.17,0.44,3.51,-0.0003903903903903904,-0.0002602602602602605,0.0002002002002002002,0.00015015015015014963,0.08241241241241241,0.12014014014014014,0.030290290290290296,0.07850850850850852,79.0,69.0,70.0,74.0,611.3299999999999,2103.04,108.45000000000002,2462.9799999999996,13.54051399958329,8.803436065874953,15.339735368156308,9.557666678372144,1.2996767934528788,0.8217414525411123,1.132032656933782,0.9780293477309749,0.013435250631191664,0.10856269815021768,0.007866404541689853,0.05222090897471343,50.50179448278942,185.5590610281578,12.273380460093195,97.56887351724703,-15.851052621791688,-185.53145427234867,9.978111916321842,-96.60663127779387,47.949717170835235,3.2007194877085317,7.146548153028389,-13.669084555336104,1.4127985027697365,1.4531517968437333,1.3021846855282695,1.2723908305448468,0.38437829389042677,0.7026255030282617,0.3145911683245889,0.7508080413047167,0.23390419894658618,0.3231869782496814,0.15373903915940987,0.24368672368784267,0.5105245754245753,1.7917963236763237,0.08605564435564438,2.322935684315684,0.00020181266181266185,0.000623110463110463,4.483354483354484e-05,0.0002803690003690004,29
70,1222.7078,27234.603199999998,2490.7381,9827.6493,0.33758316800533894,1.0229709598176888,0.21738758542374637,0.44647606793264005,0.19137426253034448,0.2578308817108704,0.22347183460823208,0.03625602455156022,1.06638,5.187460000000001,1.5549099999999998,3.12411,0.29247477771595964,0.569966620426144,0.27017215233994785,0.2599730907228669,0.27426881385243496,0.10987393067631247,0.1737542059282839,0.08321508868857591,1.06,5.18,1.55,3.13,0.22,3.6999999999999997,0.79,2.29,1.99,7.7,2.5,3.91,0.00013013013013013014,0.00012012012012012112,0.0007107107107107105,-2.0020020020020037e-05,0.08233233233233234,0.16164164164164166,0.06057057057057057,0.08530530530530532,72.0,79.0,73.0,85.0,1066.38,5187.460000000001,1554.9099999999999,3124.11,11.23240124789665,11.58292132196527,8.892242381959754,13.021245952651727,1.1461692454198957,1.093084769943871,0.9125059206515928,1.1826783860022718,0.01315060977731708,0.026242451191978766,0.04237411232838184,0.019872007843203754,36.5367204837236,85.47119588110654,21.24277328370397,35.05797776809263,-25.25045396439245,64.53855692483033,21.231533814202653,-18.795005499439213,-26.40731940765373,56.03659514466345,0.6909331944670842,29.594080040848144,1.4625859315988572,1.3886005548341793,1.4402603867303636,1.3238376929385143,0.5093741171037571,0.5276257995512955,0.6856704932972694,0.43949568790366994,-0.1090977524784123,0.03570745508387678,0.017287362520455506,-0.030040016094769802,1.1215916283716285,5.152244435564437,1.5468284315684313,3.1376230969030967,-0.00011053379053379054,7.050163050163054e-05,1.6179316179316177e-05,-2.7053247053247048e-05,31
71,4647.155,15181.307,1677.9146,5899.634900000001,-0.5698742329684796,-0.5149092480435504,-0.4067524647679446,-0.3739436832788039,-0.15873564641173524,0.06291349312116974,0.0426633063344141,0.18134547990851674,2.07906,3.8665,1.1938600000000001,2.4012699999999993,0.5697933979961509,0.48112862105678145,0.5026061085979756,0.36542754014989076,0.2740629890412739,0.12443517937586486,0.4209925021342331,0.15218094597854087,2.15,3.8500000000000005,1.21,2.4,0.68,2.6399999999999997,0.04,1.49,3.3899999999999997,5.08,2.67,3.35,0.0005005005005005005,0.0003103103103103108,0.0011411411411411413,-0.0006406406406406407,0.10596596596596598,0.12955955955955956,0.06702702702702704,0.07723723723723723,59.0,64.0,52.0,68.0,2079.06,3866.5,1193.8600000000001,2401.2699999999995,7.505259166793994,10.865742723402168,5.4134015818039956,8.458637923419866,0.726531262854102,1.0789075073624192,0.5493566325134976,0.8806152342764827,0.15162049376161235,0.02421371225171587,0.327164315784807,0.059302065588569874,101.77543094916896,35.51244068399,183.4939609198567,72.68650638718303,-82.63184150784919,18.360828392372127,-110.12797829420748,24.15920159345186,59.41563021554809,30.397589116240283,-146.77146211334298,68.55407492732255,1.670308313731137,1.4064999090874166,1.7203325563642264,1.4701221512259597,0.6675441550760643,0.5230945485783409,0.8214053634225699,0.6874520708927256,0.29638015193192574,-0.008013475431830177,-0.13298755807992224,0.03846367443472154,1.7868514885114886,3.8731712687312685,1.309515184815185,2.37694917082917,0.0005850020250020251,-1.3355893355893376e-05,-0.00023154191154191154,4.8690348690348645e-05,37
72,12558.2084,6583.9539,12874.5995,2651.1967000000004,0.5153352976075594,-0.9088562042194903,0.2159008461041454,0.6255035585359963,-0.4835046027765211,0.4753042122549573,0.7365127594126698,0.7409029512852944,3.5141199999999997,2.44543,3.45827,1.54759,0.4573500033890893,0.7770624267714918,0.9565396526542953,0.5061243838227911,0.13014638185067368,0.31776105910677954,0.276594844432128,0.32704035553524585,3.54,2.18,3.3200000000000003,1.5,1.98,0.94,1.7000000000000002,0.31,4.68,4.5,6.4399999999999995,3.2,0.001221221221221221,0.0002902902902902903,0.0030630630630630626,-0.0003603603603603607,0.08894894894894896,0.1282982982982983,0.07457457457457459,0.09683683683683685,71.0,83.0,66.0,74.0,3514.12,2445.43,3458.27,1547.59,7.701852647677004,6.653287000124014,3.1675816911699153,7.7850488267192555,0.804381488546616,0.6935667451871204,0.32122040777001604,0.7818404455867882,0.11555609575241821,0.1562757744462706,0.4126512560774387,0.15438097704034082,189.01535758008842,397.45291911478853,236.79034243464642,154.51697856607709,-184.3623309160218,99.72839896344689,134.07138756144911,35.79345848882524,-41.681366824277305,384.73766302904914,195.17819885341913,150.31408781148315,1.4573548679019281,1.3372700328877416,1.6113407478525972,1.4241750790039056,0.7451616123503576,0.8742373001502489,0.9432814724961044,0.7804343561116813,0.03662102938723031,0.7042955133671196,0.6929129613096237,0.23780416560018758,3.48513952047952,1.4984579420579422,2.311416363636364,1.3393313486513487,5.801897801897797e-05,0.0018958399558399554,0.0022960032760032754,0.0004169342369342369,26
74,2269.7984,8625.901000000002,2074.7651,8581.064600000002,0.27848917509057713,-0.6893464515500112,-0.16494379995719388,-0.21665513660284708,0.28542836064858557,0.1829612243435978,0.24819127136030883,-0.10928686988783036,1.46416,2.83998,1.4162299999999999,2.9194400000000003,0.35501252710291786,0.7486084421110946,0.262788293308511,0.24069625339834436,0.24246839628382,0.2635963781826261,0.1855548133484752,0.08244603533497669,1.4500000000000002,2.805,1.41,2.92,0.52,1.3,0.69,2.16,2.8099999999999996,5.09,2.33,3.59,0.00024024024024024023,-4.004004004003963e-05,0.0,-0.0006306306306306305,0.10300300300300301,0.1391791791791792,0.06176176176176176,0.08029029029029029,77.0,74.0,65.0,85.0,1464.1599999999999,2839.98,1416.2299999999998,2919.44,11.640585541121867,7.455720877671154,9.398969944253954,13.105880841443476,1.002863850298358,0.8368086658080727,0.8872651495238713,1.3444222156965848,0.04399298455277112,0.10461746186727972,0.05222170277472937,0.018191308612709456,98.6101686021514,371.12538460042106,94.24870463327888,83.69749775130771,-94.78383895103136,-144.87676268295695,-65.73670870944612,-59.81750857600684,27.202742976576367,341.6793448971076,67.53890325657113,58.54175260093865,1.6189945526356204,1.4509366929160852,1.4993611976378176,1.2413752198214467,0.38073455233816134,0.7993416154299164,0.6281143268805439,0.5615439318223314,0.10137921305735882,0.5097006878460404,0.24663543857290754,0.2240201567689044,1.4018842557442557,2.1797484515484515,1.3040829570429568,2.8261397602397604,0.00012467616467616466,0.001321784881784882,0.0002245186045186046,0.0001867872667872668,32
75,4500.2038999999995,15300.3897,3642.1126,10182.9172,-0.30889114665903117,0.512996958632852,-0.07755751045494685,0.35083507632494015,0.10457064549011057,-0.04431089187937106,0.6771536637168126,-0.5813284096054835,2.03113,3.8920299999999997,1.7723000000000002,3.1797199999999997,0.6121395454469511,0.3905024700306004,0.707859668295913,0.268882728340814,0.3013788115221335,0.10033387975699068,0.3994017199660965,0.08456176277811066,2.07,3.89,1.66,3.21,0.36,2.56,0.32,2.24,3.86,5.1,3.7800000000000002,3.84,0.0017617617617617617,0.00034034034034034066,0.0015015015015015013,-0.0006106106106106105,0.13881881881881883,0.12912912912912913,0.1044044044044044,0.08555555555555555,75.0,77.0,68.0,83.0,2031.1299999999999,3892.0299999999997,1772.3000000000002,3179.72,9.71274116205811,13.126508676938014,6.240946530807225,12.66278964304318,0.7872010676775186,1.2702174775871706,0.5380691401378571,1.1839870991250387,0.12054227363106484,0.01401152661938454,0.3433385592013529,0.009431645424464286,145.06713855477545,78.01300205763918,226.03053538850975,43.938809886631866,59.04924740941888,-31.344331749757185,194.50058939981955,-37.8773036011178,132.50532468112993,71.43921442181724,115.14913656271663,-22.269460841302966,1.757297185185462,1.398792945297496,1.9273528317547748,1.3982922019398585,0.5547238876568032,0.4499174545588485,0.7926021756008624,0.47425270705383366,0.5189970469704287,0.24511392260111176,0.5384174192528188,-0.22435291222277595,1.4814098501498505,3.7264079720279715,1.1128337062937064,3.284100879120879,0.0011005408405408402,0.00033157563157563166,0.0013202528402528402,-0.00020897072897072897,31
76,46.184799999999996,12641.3128,172.6893,6680.1008999999995,7.575910310272031,-0.8081260567734416,1.6988160594260306,-0.016696592920200537,2.191799634334567,0.0994661852161069,0.407631519059987,-0.5126363401003547,0.12874000000000002,3.50744,0.39095,2.5694700000000004,0.17207792537103644,0.5823894284754833,0.1408807918064063,0.2791501730252016,1.3366313917277957,0.16604401742452707,0.3603550116547034,0.10864114896270499,0.06,3.49,0.39,2.6100000000000003,0.0,2.2199999999999998,0.0,1.5699999999999998,1.34,4.890000000000001,1.11,3.15,0.0,0.00022022022022022043,0.00044044044044044036,0.00039039039039039005,0.04024024024024024,0.15867867867867871,0.039379379379379374,0.07976976976976977,51.0,77.0,63.0,76.0,128.74,3507.44,390.95000000000005,2569.4700000000003,12.106809528828126,10.97130083953516,11.575507703671065,11.456477038396299,0.2848966381064579,1.0641622741979733,1.1644470891369434,1.1306150197542835,0.19744211126227373,0.02125967308329102,0.06143859209125413,0.022362697469501924,3.60460931459541,122.83349686424478,26.202728521894365,67.65365542578986,-3.01059651073293,29.2955144922159,12.053025219504597,-36.790271630803815,-1.9823009258007973,-119.2888963086456,-23.266017386954793,-56.77581356355168,1.5791677668571242,1.4986771811942594,1.4628999691668192,1.3976608835046187,0.3763412690284003,0.4714580447721442,0.4474961848677652,0.540851217219047,0.010311911273560749,-0.269952231505623,-0.218785247865659,-0.46989934022025004,0.1256696303696304,3.7794762237762236,0.44428301698301703,2.79644031968032,6.146886146886152e-06,-0.0005446170646170645,-0.00010677280677280679,-0.00045439503439503425,24
77,4612.9856,32423.942600000002,7346.9236,13045.251400000001,0.34645624624051363,-0.7420069289481863,2.6198237463073224,0.22632735660702652,-0.23891469783358046,-0.274752295559599,1.1751933185755683,-0.32782202038544056,2.0278799999999997,5.628639999999999,2.56508,3.58422,0.7075933193579487,0.8615998783658224,0.875949880758026,0.44566623340791706,0.3489325400703931,0.15307425565781832,0.34149027740188453,0.12434120489476568,2.0,5.68,2.44,3.6100000000000003,0.0,3.55,0.48000000000000004,2.11,3.88,7.56,5.73,4.68,0.0025225225225225223,-0.0011111111111111105,0.002772772772772773,-0.0005605605605605602,0.1128928928928929,0.16349349349349354,0.07304304304304304,0.08004004004004005,71.0,75.0,61.0,73.0,2027.8799999999999,5628.639999999999,2565.08,3584.2200000000003,6.622599448284381,7.642271822365854,3.5904016802241845,7.205879404665604,0.6350443715975507,0.7889479773249269,0.3346086891308709,0.7811675195913682,0.25032437745135105,0.09677179809619041,0.40582153437986257,0.13837055181171554,226.7856016414467,126.64746826365295,234.77563707687918,127.48343608180899,-82.5570759490925,36.20002149784113,-150.67512880823563,17.56122364376887,211.22508923565096,-121.36366697306414,180.0461199900628,-126.26808741466789,1.7140904163588169,1.434555890987332,1.7380820500554224,1.3751560973671366,0.7635919261349164,0.7581202672840479,0.9075260567277388,0.8112095619761894,0.45329561651982825,-0.18403795431261075,0.29545948316126647,-0.45518035772830234,1.4728817982017979,5.903011728271728,2.11725996003996,3.93523006993007,0.0011111075111075112,-0.0005492927492927493,0.0008965366165366167,-0.0007027228627228628,31
78,4050.4946,9146.7279,6139.3917,2136.2036000000003,0.6711729629698868,1.0293193139341459,-0.3092391074443941,-0.027310641983025352,-0.07934831118137523,0.002005468638571784,0.06871112197951991,0.46871474532531915,1.9800799999999998,2.99787,2.44777,1.4073600000000002,0.3602468509230858,0.39937872139111263,0.3844655083359234,0.39438741156380736,0.18193550307214143,0.13322082725105247,0.1570676609060179,0.2802320739283533,1.9700000000000002,3.02,2.45,1.38,0.73,1.76,1.4300000000000002,0.5700000000000001,3.2199999999999998,4.69,3.54,2.6799999999999997,5.005005005004987e-05,0.00021021021021021063,-0.0007807807807807811,-0.00039039039039039005,0.10417417417417417,0.11858858858858859,0.07315315315315317,0.0794894894894895,79.0,85.0,65.0,70.0,1980.08,2997.87,2447.77,1407.3600000000001,11.683859335558827,11.785446866590462,7.807721096533219,8.014311539170292,0.9746431757067114,1.229306362783623,0.7580428779678012,0.8876732551230742,0.04622911870362767,0.007346650424112866,0.10146272940342893,0.05847977577682961,24.261425378363143,20.803651901244248,106.09672936902459,81.1803590780471,-9.50637615094324,20.119905692544215,26.24459683903317,81.1613065604979,-22.321415140323445,-5.289737928411041,-102.79949960754018,-1.758697652680349,1.609263250202121,1.3567832190324502,1.6156060290119074,1.4916496179295367,0.41901890922252427,0.529069429899764,0.7250299205096475,0.7355388275945415,-0.10539822488835227,0.0806105709386718,-0.2507066754431815,0.011433750464441268,2.0457791608391607,2.942163836163836,2.6145521678321675,1.3995574225774228,-0.00013152985152985156,0.00011152385152385156,-0.0003338982338982339,1.562077562077567e-05,29
79,1647.9194000000002,3510.1216,7412.303099999999,325.8381,-0.15329183867598006,0.8415733824347225,0.4061955860687383,-0.4442474979114448,0.016136202961800114,0.49496462747432535,0.8051004659248461,0.30135530024176715,1.23086,1.81752,2.5576499999999998,0.49219,0.3645587200986969,0.4546896189710075,0.9331289179422102,0.2891143439886717,0.29618211664908833,0.25017035244234315,0.3648383938154987,0.5874039374807933,1.23,1.7799999999999998,2.42,0.49,0.19,0.65,0.75,0.0,2.19,3.33,5.32,1.47,0.0006206206206206205,-0.001001001001001001,0.0015515515515515514,-0.001151151151151151,0.0874074074074074,0.11539539539539538,0.08317317317317317,0.06217217217217217,69.0,79.0,37.0,65.0,1230.8600000000001,1817.52,2557.6499999999996,492.19,9.893450587976734,10.438047982877409,3.75888092663381,8.745255916448622,0.8710197240756232,0.9398212292843492,0.38608197323231525,0.8843678578342431,0.06405223785686598,0.042889669877692604,0.3878649786444548,0.05765192056144208,49.52867678113134,75.85453842311439,152.53412906584043,52.29965230841009,24.607172556379957,-32.49876368219219,41.69682873398218,-20.899832360043266,42.983448936425745,-68.5400711884133,146.72435041056895,-47.942159305799656,1.6272814059254366,1.4860585902449481,1.8945728599909297,1.4950276555509712,0.49087096545031284,0.5591148040899476,0.887157953743329,0.636887579266926,0.18642986726919436,-0.4078635605713482,0.49421312704009185,-0.3118165578636523,1.1132594605394606,2.13841006993007,1.7596879120879116,0.6481794205794206,0.00023543651543651538,-0.0006424225624225623,0.001597521697521698,-0.0003122911322911323,38
80,2744.5517,4659.0448,1652.7362,2196.9116000000004,0.18264210683998616,0.17901752542476768,6.7434577779007725,0.6520366755430991,0.43854566172976295,0.7104046127133575,1.4903928232511383,0.15401546062322066,1.6073899999999999,2.0901400000000003,1.2146,1.4532999999999998,0.4010599554929412,0.5388502393058762,0.42128736036107234,0.2912571200846427,0.24951004765050253,0.2578058117187729,0.3468527584069425,0.2004108718672282,1.565,1.9900000000000002,1.17,1.46,0.5700000000000001,1.04,0.19999999999999998,0.47000000000000003,3.06,4.050000000000001,4.07,2.5700000000000003,0.0009609609609609609,0.0006606606606606608,0.002482482482482483,-0.0005705705705705705,0.1155955955955956,0.14576576576576578,0.08388388388388386,0.09212212212212212,77.0,74.0,69.0,84.0,1607.3899999999999,2090.1400000000003,1214.6,1453.2999999999997,11.57310350222509,11.232071620979298,8.344950759414175,12.746859659759068,0.9970371753840143,0.976435778839177,0.7394748244728879,1.2342309525211976,0.06769864452717744,0.06993493662450945,0.16771232539322511,0.007346650424112866,111.79886013725522,62.53219927327885,115.89004243836914,48.45459004115227,111.26793007880772,53.5576734843024,112.35021374380061,3.8163642259139277,-10.882686431534715,-32.277725398514505,-28.424134253998282,-48.30406463385144,1.5503340123691265,1.547410682426888,1.6813703399945095,1.3661916980943902,0.4329712040336592,0.44113853770236283,0.5782860267102155,0.4240339619967993,-0.012427750692356593,-0.008335573327051371,0.128318250260436,-0.36692122621604345,1.6160143856143854,2.0979119480519484,1.121060899100899,1.6382165234765234,-1.72660372660372e-05,-1.5559455559455537e-05,0.0001872654672654673,-0.0003702032502032502,27
85,2926.9424000000004,3395.2221,5994.4415,2443.142,0.0025757490106208536,0.9068524834271976,1.2741560996442352,-0.1034947884001749,0.3064286746957313,1.1291674320150076,1.251232759660952,-0.13210094550340185,1.65652,1.73671,2.39759,1.53214,0.4276492600250818,0.615678874008196,0.4959875924859411,0.3093364194529962,0.2581612416542401,0.3545087400937382,0.2068692280523113,0.20189827264675306,1.645,1.58,2.27,1.53,0.5,0.5,1.5899999999999999,0.51,2.99,3.75,4.1899999999999995,2.3,0.001021021021021021,0.0012712712712712718,0.0015415415415415416,0.0001701701701701701,0.09645645645645645,0.14079079079079077,0.07105105105105104,0.08759759759759761,76.0,80.0,77.0,77.0,1656.52,1736.71,2397.59,1532.14,9.104681134601135,9.223143360154891,5.801834489077492,11.518082018963735,0.9497192043386951,0.8948018530213252,0.6388070246558196,1.0702627970967986,0.06925017000796352,0.10618990662121686,0.18221328935517445,0.04410815261162426,93.89806935134551,200.3848639098696,130.8894177762625,77.62131134727468,-53.04992706798298,198.3409395215602,43.7156708873694,6.020053572056863,77.47614256009251,-28.547598741080787,123.37333506344143,77.38751146186392,1.4599866669118635,1.439676418397259,1.4025389974045823,1.401173322402966,0.6688726155345254,0.68358495741518,0.8583774292645631,0.5367840194436212,0.14295840173820767,-0.2130561646261796,0.5102211644460676,0.2788786652097195,1.550735084915085,1.9636832567432567,1.9597094905094905,1.3828699500499502,0.0002117816117816117,-0.0004544009144009145,0.0008766376566376567,0.00029883893883893883,35
86,6642.2847,11834.2387,7344.984399999999,8237.8995,0.3868747473654266,0.047668471409199054,-0.7468905186409454,-0.7877564065229072,-0.5048083350356108,0.5232689552893406,0.12108879584199277,-0.006370997108310227,2.54983,3.40471,2.5528000000000004,2.82435,0.3750355597806693,0.49212652428008796,0.9100530533985368,0.510829303681768,0.14708257404637537,0.14454286100140334,0.3564921080376593,0.18086614749651,2.58,3.355,2.56,2.81,1.22,2.43,0.54,1.56,3.58,5.03,4.550000000000001,4.04,0.0008708708708708708,-6.006006006006011e-05,0.001221221221221221,-0.0006706706706706702,0.08721721721721723,0.11957957957957958,0.10292292292292292,0.07756756756756758,83.0,79.0,56.0,68.0,2549.83,3404.71,2552.8,2824.35,9.434471460330675,10.12864774554473,5.00917852500073,6.08329065510142,0.925923155785971,0.9480942320397623,0.43669045145994634,0.6494099672970582,0.04265595547007894,0.042774211529974515,0.325269929077753,0.21871621308183808,31.851160093118764,190.5264137524177,106.72410436634037,133.44562863469176,-12.743260950087649,-114.61527285326235,-41.304113519765025,-31.16220895275348,-29.19084958742127,-152.1961023355384,98.40734047388881,-129.75612715742173,1.4795867267340466,1.4368226971392541,1.916774830559297,1.4612578504704703,0.608918114070208,0.6319433297511142,0.8171773062784142,0.8483950081938952,-0.11772091566944405,-0.4932280478867257,0.26620059421789627,-0.4615301984428,2.6262227972027974,3.8247115284715285,2.133618541458542,3.2322956043956044,-0.00015293853293853296,-0.0008408439008439009,0.0008392021192021195,-0.0008167079167079169,31
89,3590.5383,11874.583200000001,3612.202,9303.4601,0.2693641308177881,-0.45531162234432543,0.6702091762715958,-0.11351490459772506,0.5761331304889679,0.04773483175184377,0.7887057499736777,-0.5765717474028352,1.86739,3.4162,1.8770799999999999,3.03335,0.3215476448366556,0.4518415208897916,0.2979474342900103,0.319762220251236,0.1721909428864113,0.13226436417358223,0.15872921467918807,0.1054155373600923,1.8199999999999998,3.4,1.83,3.0700000000000003,1.08,2.2800000000000002,1.23,2.04,3.15,4.61,2.96,3.71,0.0004504504504504502,-0.0003103103103103104,-5.005005005005009e-05,-5.005005005004987e-05,0.0960860860860861,0.1467967967967968,0.07192192192192191,0.08151151151151152,80.0,77.0,61.0,71.0,1867.39,3416.2,1877.08,3033.35,12.27874682301371,13.072165663554973,10.116938412163874,10.192341193583253,1.0508205899034482,1.1612979641832086,0.9042293204829345,1.003020161240509,0.06678141903678014,0.018191308612709456,0.03677544990163373,0.05860164782725974,28.236936460699013,82.12053312393067,19.84446411229364,29.247367391291796,8.023333657008184,-26.251949202791327,17.403331142976057,-7.161141059276811,27.073062215306802,77.81142026471858,-9.535555622617373,28.357125348849067,1.5361330281056396,1.405243315048895,1.7075266068240535,1.4916894313818698,0.41399997109968106,0.37642076541906827,0.4342616827652414,0.5397630922969625,0.05574737078873134,0.24863436817738865,-0.11367239977094488,0.09015299947080897,1.8363732667332668,3.22181012987013,1.9356831568431567,2.9834691708291707,6.209556209556209e-05,0.0003891689091689092,-0.00011732363732363733,9.98615198615199e-05,32
90,3141.1936,6220.5196,2088.3999,2165.9221,0.28975346512324807,0.23348914488661654,2.3654077260231063,0.023376859984917342,-0.027792770055396588,0.08888445997131812,0.9357610106710703,0.3925720501346948,1.73156,2.44286,1.40627,1.4133499999999999,0.37801265375645826,0.5029459418267533,0.33287322977373834,0.41032167563997884,0.2183075687567617,0.20588406287169683,0.2367064857913049,0.29031851674389136,1.74,2.43,1.37,1.37,0.5,0.88,0.55,0.35,2.94,3.88,2.84,2.68,0.0003403403403403404,-0.0001301301301301309,0.0009209209209209211,0.0002802802802802801,0.10866866866866867,0.1336036036036036,0.06556556556556556,0.09279279279279282,78.0,79.0,69.0,79.0,1731.56,2442.86,1406.27,1413.35,11.636334331552968,10.712245478794147,8.18132336770894,9.015932154021035,1.1093721956945646,0.9469154035576384,0.7820955335223514,0.9010865107792037,0.022655731459910733,0.06544721214460392,0.1658756674417461,0.0867806115463079,93.19781318212839,106.19340517774806,66.66184170688764,103.45176578276879,-74.28637155432997,-47.010213241400585,56.57055941729032,-68.88651514312602,56.27936907271558,95.22121168228965,35.26432966850456,77.18105904306263,1.486078309508998,1.367040996019685,1.5632747036513654,1.434241667467881,0.508081886575265,0.626746485785855,0.7085449369578225,0.7102283736724347,0.1992277523238641,0.3010847703345906,0.34886112760913174,0.3584914001419702,1.6012485714285714,2.180838801198801,1.205333986013986,1.1588255344655343,0.00026088374088374086,0.0005245669645669645,0.0004022743022743023,0.0005095584895584895,31
91,4365.028200000001,22784.875699999997,2470.2752,12125.704000000002,-0.08760460428540862,0.03241326222505725,0.037377486910115554,-0.3382798545199326,0.5408254976634983,0.3450254041771884,0.6761574868457818,0.19722426096434742,2.0438,4.74943,1.4615799999999999,3.4727799999999998,0.43348559376293005,0.4772738994539718,0.5779784629205486,0.2559356786382079,0.21209785388146102,0.10049077456746847,0.39544770927390127,0.0736976366594509,1.9899999999999998,4.72,1.3599999999999999,3.46,1.12,3.29,0.18000000000000002,2.7800000000000002,3.4800000000000004,6.27,3.18,4.32,0.001281281281281281,-0.0010510510510510509,0.0015115115115115114,-0.0005305305305305307,0.07839839839839839,0.14081081081081082,0.06385385385385386,0.0751251251251251,74.0,81.0,64.0,82.0,2043.8,4749.43,1461.58,3472.7799999999997,7.152821544204858,11.841069568116325,4.580111966385899,11.7627144196654,0.8343127511596392,1.1735095025999824,0.48832538528273334,1.1100577229322122,0.10840399353439256,0.012912698801438083,0.324332858303519,0.022654332603820215,174.2887125994163,35.300726829372564,230.07879808887046,66.96124078771776,87.07239114267254,35.0754527255597,161.59809356392518,-62.48541500963198,150.97997893846514,3.981699483764511,163.77517970231048,-24.07032776895185,1.4167671014024183,1.3952146633738929,1.6381680177332196,1.3559439293545101,0.8151349823153005,0.5275789371816939,0.8934412450034654,0.5263880776193776,0.6656612065904917,-0.06479421470933601,0.5189830732561189,-0.18975726758369207,1.5445084115884118,4.8029394205794205,0.9425515284715285,3.5568141058941056,0.0009995827595827595,-0.00010712596712596711,0.001039096039096039,-0.00016823644823644825,32
92,1856.0599,4079.1339000000003,3218.318,3281.685,0.5782635451289355,-0.11243073481137111,-0.572290314870497,0.5130256978331098,0.3500054161434614,-0.11112197609132243,0.03406815921045076,0.007297683501359166,1.29467,1.94207,1.7142400000000002,1.772,0.4241338127289547,0.5545250355935248,0.528865977729708,0.3764319327581017,0.3275999387712349,0.2855329805792401,0.3085133806991483,0.21243337063098292,1.29,1.9700000000000002,1.72,1.79,0.28,0.49,0.5,0.74,2.8600000000000003,3.6900000000000004,3.27,2.9000000000000004,0.00048048048048048047,-0.00024024024024024045,-0.00010010010010010019,-0.0005105105105105108,0.12592592592592594,0.1727127127127127,0.10214214214214215,0.09440440440440441,73.0,85.0,65.0,73.0,1294.67,1942.07,1714.2400000000002,1772.0,12.132020385456467,12.716102199346805,7.869386054670209,10.006772535326839,1.015793611163896,1.0655386336575834,0.7469270867873021,1.027118508290224,0.0773954471872429,0.043878634772276826,0.15853225529580595,0.04266155089443391,9.398270264221992,110.93789919148384,86.47953299746766,83.5924815463155,-3.4410162466273606,-39.9709498070698,-21.908447731569662,-35.01252023486731,-8.745678427075047,103.48691051790334,-83.65840989077654,75.90669534286224,1.716599874465086,1.597507249437025,1.8227785334064581,1.4446166257046462,0.3933406144943603,0.3967104202928813,0.6222033166122801,0.6197077369259972,0.1226398601163218,0.31867240588544954,-0.1846658783527779,0.28831511517073466,1.2046661938061938,1.636302057942058,1.883229070929071,1.5842066533466534,0.00018018780018780022,0.0006121480321480319,-0.00033831645831645826,0.00037596265596265597,33
94,4602.502,8028.5171,13847.2478,5559.3959,0.3771769035815056,-0.11323435823979677,0.25188727791535115,0.1524610177706709,-0.24705097678721694,-0.22756562093312352,0.5041701608644524,-0.36108015133506177,2.11768,2.7845299999999997,3.67156,2.34381,0.3434143526412372,0.5243183947755409,0.605718553785502,0.2568084576099471,0.1621653661748882,0.1882969099903901,0.16497580150821503,0.10956880361887145,2.14,2.8049999999999997,3.66,2.37,0.95,0.89,2.2,1.44,3.1,4.08,5.32,3.02,0.0011411411411411411,0.0005505505505505504,0.0019419419419419415,0.000870870870870871,0.09845845845845848,0.1616116116116116,0.08342342342342343,0.0822922922922923,78.0,79.0,71.0,68.0,2117.68,2784.5299999999997,3671.56,2343.81,11.548086390608997,12.19044446225725,5.530399635297934,13.072724913936192,1.1145678064973978,1.1473586901189947,0.5499409433165661,1.1352868335951054,0.039301841578400776,0.019287629007345153,0.31154530317948215,0.022079455471719633,33.493039811094846,121.5630654567247,243.42370048881114,71.91343841612367,-25.622052427490786,120.0547536679243,219.12121205416656,-70.69985635956677,21.57067790289628,19.090180852206505,106.02354638277009,-13.155718740009466,1.4812314961116724,1.482287561352685,1.6503429917788581,1.329433843287894,0.4203404448280006,0.3823309071278071,0.8420208982673287,0.4639008477132218,0.24013978518633947,0.16976123911977786,0.49791869179467163,0.0038764171112724627,1.974984955044955,2.6305160839160835,3.149698041958042,2.3420874725274725,0.0002856757656757657,0.00030833616833616834,0.0010447686847686846,3.448503448503454e-06,33
95,3673.7519,12221.895,1134.3411999999998,3655.8974,-0.4938153332657427,-0.09831878283755113,0.06716305705243553,0.2052180694194794,-0.477309934896375,-0.2687446052838532,0.7910157676726017,0.2903424110465634,1.8545500000000001,3.45924,1.00512,1.8619400000000002,0.48414481046480295,0.5055231175722827,0.3522427935387749,0.4348296636615308,0.261057836383383,0.1461370467421407,0.35044849723294225,0.23353580870572133,1.9,3.4850000000000003,0.92,1.82,0.51,1.85,0.36,0.6799999999999999,2.7600000000000002,4.76,2.04,3.6300000000000003,0.0007307307307307308,0.0004704704704704702,-2.0020020020019816e-05,0.00044044044044044036,0.09812812812812813,0.16237237237237234,0.08570570570570571,0.10624624624624625,76.0,75.0,64.0,73.0,1854.5500000000002,3459.24,1005.12,1861.94,8.018787800113069,13.134417142505333,10.156542795608873,9.843794416893761,0.8984610410948143,1.1125874344925735,0.7861707882875104,0.9831586274635441,0.06758593130339197,0.04538735378443626,0.10475696450262095,0.06664904051845788,186.715916056898,119.8145040468053,93.5903533126626,210.8043993015851,-35.066426918139314,31.49193166048434,68.81096080636647,177.40321288850782,183.39350864237636,115.60178900117984,-63.436629056828934,113.87095688425956,1.384481999828279,1.490311649749614,1.6083798827473907,1.5162337881407648,0.7794974518769849,0.300813901997024,0.4896212381131375,0.6272331797304322,0.573268741110707,0.3931443875809761,-0.1420420591661032,0.3639675807598213,1.3743082917082918,3.11535008991009,1.0916935864135864,1.5880928671328673,0.0009614448614448614,0.0006884682884682884,-0.0001733204933204933,0.0005482425082425082,21
96,1731.9636,6398.6022,3264.4413,1417.6279000000002,3.33243313382204,0.014232012448638809,5.439915889777232,-0.24758464404377278,1.331731549004006,0.4739023582227053,1.9175130744452378,0.18429894864906815,1.2434,2.4453,1.61213,1.1449500000000001,0.4311844616866429,0.6473871407434658,0.8157684494389325,0.3266762885487712,0.34677856014688985,0.2647475323042023,0.5060190241723264,0.28531926158240195,1.19,2.385,1.4300000000000002,1.1300000000000001,0.12000000000000001,0.98,0.36,0.27,3.17,4.720000000000001,5.57,2.3600000000000003,0.00023023023023023033,-0.0008008008008008015,0.00032032032032032026,-0.0008408408408408411,0.07844844844844844,0.14874874874874877,0.07459459459459461,0.07483483483483483,68.0,76.0,67.0,79.0,1243.4,2445.3,1612.13,1144.95,7.5028314177402,9.267381048030634,3.8353257800180116,9.205620342199953,0.7388462139395847,0.9957825462464684,0.35817989064694494,0.9946536331723366,0.17839783194705205,0.04965146118544439,0.43941747509199125,0.08099186972667471,45.58949034962196,122.67079206538776,93.11356761425203,41.414515671382134,-44.213975671620915,116.53672609997943,-92.27077491361602,30.255761654940994,11.114224473510882,38.305543930976555,12.499622822097287,-28.279869076333405,1.5547603822801332,1.4139400522617045,1.7888174080895187,1.324187246752762,0.7357252858425822,0.621009374088893,0.9077582344905019,0.732363211606024,0.04364485641998771,0.21353876329056337,0.009758656327174802,0.02794680265743315,1.210837142857143,2.2060967232767235,1.5983552647352648,1.129152947052947,6.519090519090517e-05,0.0004788854388854389,2.7577047577047588e-05,3.162573162573162e-05,26
97,2069.1441,7415.5715,4537.6494999999995,3426.2078,8.660556625224384,-0.8338844449775631,0.45694758214685605,-0.991518626755397,2.5515726515077897,0.07305544323219562,0.8434957546797527,-0.0842025286670568,1.22263,2.4989899999999996,1.8608699999999998,1.7304000000000002,0.7578390218905332,1.0819521615579868,1.0367315675236286,0.6572089774189028,0.6198433065527045,0.43295577875781294,0.557121973874386,0.379801766885635,1.0899999999999999,2.4,1.7599999999999998,1.75,0.0,0.08,0.33,0.38,5.01,5.35,5.65,3.65,-0.0017017017017017016,-0.002192192192192192,-0.0005505505505505508,-0.0013813813813813812,0.10332332332332332,0.14677677677677678,0.08609609609609611,0.09761761761761761,72.0,56.0,64.0,62.0,1222.63,2498.99,1860.87,1730.4,5.8151219971945425,5.55322078554656,3.5046022693798364,6.09987121062095,0.5073510629962672,0.5422310248852381,0.2953689505366228,0.6108760512241906,0.35762736326314215,0.2678125504293396,0.3833305051277982,0.23470178751499216,233.4486979580625,270.3353025823667,546.6163477958239,139.83640673053443,-171.59172201981164,257.7181745259681,-184.26057996317314,139.83526492400284,-158.28637184732733,-81.62425093869115,-514.6236200848929,-0.5650937456678218,1.6564135653048666,1.6054795527002255,1.809224386597733,1.589493505702984,0.8204249286748468,0.8016619995859209,0.9265224914454432,0.7893483167324546,-0.24409291514046028,-0.019283534141807796,-0.5071290373348368,0.05809024825844724,1.5427099500499502,2.5350911488511487,2.770597102897103,1.6643408391608394,-0.0006408007008007009,-7.227457227457244e-05,-0.0018212754812754813,0.00013225057225057222,28
98,1668.2092,12097.994600000002,3027.1292000000003,3483.3797,0.1312836750285662,-0.20999935130643443,-0.20279922249493598,-0.528452418985931,-0.2690014764093798,-0.38829937874555603,0.36810955533969203,0.07587364992603943,1.2206,3.44088,1.6964000000000001,1.82443,0.4223089390481807,0.5082710158960473,0.3864663504110028,0.3934906289862568,0.3459847116567104,0.14771541463115462,0.22781558029415397,0.21567866620602424,1.27,3.5,1.67,1.8250000000000002,0.02,1.9,0.7,0.8200000000000001,2.65,4.74,2.91,2.88,-0.0004304304304304306,0.00048048048048048004,0.0005705705705705707,-0.0005805805805805806,0.11674674674674676,0.15803803803803806,0.08553553553553553,0.09407407407407409,78.0,82.0,66.0,74.0,1220.6,3440.88,1696.4,1824.43,11.322517021198275,12.541622326516823,9.303051595400607,9.656686856299302,0.9441543419771649,1.1262249487245664,0.7757391125760087,0.9872055944845666,0.07742054738410253,0.031637918207058746,0.07658563777311134,0.026939780952243808,101.70945066702531,186.228150767457,57.06559027500874,155.6250398244144,70.94515273237162,127.02613633170863,55.389692924194165,129.07101425468633,72.88070841291625,136.18107367363822,13.728201309663472,86.94726159930005,1.6700194676793751,1.4622927490581148,1.8157833567513486,1.5202026048211943,0.38364755610563367,0.46910569661437396,0.5054266115125641,0.5962181565028588,0.19833643076832222,0.29937468674798434,0.26998497816347,0.18176151756743064,1.0756697302697302,3.1775885514485513,1.5158582617382619,1.7006750249750249,0.00029015069015069016,0.000527110007110007,0.0003614449214449214,0.0002477577077577078,39
100,3976.1133999999997,8798.4513,6768.632100000001,4384.1314,-0.5847069474644981,0.7011890539797969,-0.887809974921197,-0.15059144243900757,-0.27812100954992197,-0.34406670489888214,0.2607033899172177,0.1468345424470266,1.83724,2.9136499999999996,2.43679,2.05254,0.7750242463303971,0.555963108038654,0.9114200984727076,0.41377644737224956,0.42184159191526266,0.19081327820385224,0.3740248845705652,0.20159239155984757,1.9100000000000001,2.9699999999999998,2.37,2.0,0.0,0.8599999999999999,0.62,0.84,3.5,4.66,4.53,3.5599999999999996,0.003363363363363363,0.0006506506506506506,0.003163163163163163,-9.009009009009017e-05,0.15871871871871873,0.14617617617617615,0.1227027027027027,0.09488488488488488,77.0,76.0,59.0,72.0,1837.24,2913.6499999999996,2436.79,2052.54,8.425691046991748,10.673725318836928,5.651279012711469,9.21871114888676,0.7785720446028084,0.978724593285244,0.5433872096634559,0.8835196112212638,0.11435650252704477,0.04598476280483332,0.3196573896786692,0.08982808790318142,233.45600152855454,54.878406495624205,308.09535060110335,64.93692569782064,-233.36859406675524,46.81409395117247,-291.3633418523616,-22.10480838361145,6.387797195159141,28.637040821805712,-100.15062699075165,61.05883855272796,1.8452902749851592,1.5383393455769685,1.9563249577054602,1.5753072557060612,0.6304334786521121,0.5143605518582637,0.7811018839199289,0.5715049532856666,0.2352062420670687,-0.009538972966280673,0.11936908048916921,0.1489650901384022,1.5218191008991009,2.922826433566433,2.2485392207792203,1.945886133866134,0.0006314732714732715,-1.837123837123834e-05,0.000376878436878437,0.00021352125352125346,28
103,283.8597,612.7214,78.03190000000001,877.7149,0.8347588827930053,6.493191202225088,2.937403169045685,1.7459367442175755,0.7672720660546124,2.4640323307452254,1.6881621075522946,1.0621307357180172,0.45381000000000005,0.52926,0.19032999999999997,0.89673,0.27913470565302334,0.5767193879175556,0.20446611235116688,0.2712751501704496,0.6150915705978787,1.0896712162595996,1.0742715932914775,0.3025159748981852,0.44,0.35000000000000003,0.125,0.87,0.0,0.0,0.0,0.31,1.6,3.08,1.16,1.9000000000000001,0.0011411411411411413,0.0,-0.0005205205205205205,0.0006006006006006007,0.09059059059059059,0.10746746746746748,0.04408408408408408,0.075995995995996,71.0,76.0,53.0,78.0,453.81000000000006,529.26,190.32999999999998,896.73,14.165785492846137,8.157619399608881,10.730567276457071,11.109636851278907,1.0348383069678615,0.6205526179461688,0.4751805046905745,1.082041555117012,0.031152096582757416,0.27237463218247715,0.3184949277681923,0.03291711937987163,17.538282037129335,123.1990063020922,38.68530658756642,42.831384925077614,-14.977263691496429,114.57629724863307,37.9840794137722,33.88656867334339,-9.12539912164264,45.279877016350554,7.332302289339754,26.19595385067984,1.577659411758645,1.5378440528747117,1.7285377075527126,1.389304259125931,0.15416436113557316,0.7355587423905611,0.4232315131915718,0.5869092765681018,-0.022963802151226426,0.3779375480815088,0.13743104891560873,0.3192113759504075,0.4649013386613387,0.15211276723276718,0.14170803196803194,0.7468945054945055,-2.22048822048822e-05,0.0007550495150495151,9.734127734127735e-05,0.00029997095997095997,29
104,3322.5935,2002.6554999999998,11716.082999999999,1670.8705,0.17618082818653846,-0.749751451122104,-1.0545232943755325,-0.7024763078881531,0.3659321489861157,0.1612515247300826,-0.02137206494204079,-0.06416509221275864,1.76373,1.25679,3.2492799999999997,1.1834500000000001,0.4602716449011388,0.6504878137982294,1.0762260364811846,0.5199197991036695,0.2609649123738547,0.5175787631968979,0.3312198506995964,0.4393255305282601,1.73,1.2000000000000002,3.2249999999999996,1.17,0.61,0.02,1.04,0.02,3.36,3.07,5.55,2.42,-0.00010010010010009997,-0.0005105105105105103,0.001121121121121121,-0.0013813813813813812,0.09207207207207209,0.10371371371371371,0.07723723723723726,0.07843843843843845,73.0,82.0,66.0,71.0,1763.73,1256.79,3249.2799999999997,1183.45,8.639640287362573,6.472723150878188,3.173149047131739,6.202753027320186,0.7224081337493385,0.6547877984821875,0.284320565978078,0.6279557900383436,0.1260382793935806,0.17377156981546715,0.3523471706919059,0.23389906780616077,178.75915592395035,220.71695174554992,537.0508322015068,182.01113392740015,-162.86504470587042,203.84064308646737,-352.882685218818,162.85164287503,73.68726511140189,-84.64611635475563,404.8424469359502,-81.2858861453924,1.622621028900979,1.33617628367625,1.83174051728904,1.5016052509077014,0.6782698303480224,0.868268114955684,0.9337174126121036,0.8614912106969635,0.2725592788358093,-0.3493437935601158,0.5753682706534777,-0.4039365468389087,1.5466591408591408,1.6499945454545455,2.177820559440559,1.5468423976023977,0.0004345762945762948,-0.0007871962871962872,0.0021450639450639455,-0.0007275123075123075,29
105,6073.8696,13440.1633,8073.2221,6717.8927,-0.12828988257730556,-0.16021179638435123,-0.5768894956853132,1.1045809176902108,0.11173684959419174,0.2753742573508428,0.0759784439308067,0.9865354097911172,2.4251,3.64573,2.7947699999999993,2.57475,0.43904394996400986,0.3857668558857798,0.5123307009149461,0.29758215252262693,0.18104158589914224,0.10581333666667027,0.1833176615302677,0.1155771055530156,2.41,3.63,2.75,2.51,1.33,2.71,1.3800000000000001,1.83,3.63,4.930000000000001,4.0,3.69,0.0005405405405405405,-0.00048048048048048047,6.006006006006056e-05,-0.00042042042042042034,0.10746746746746746,0.11355355355355352,0.07025025025025025,0.07037037037037036,76.0,82.0,62.0,70.0,2425.1,3645.73,2794.7699999999995,2574.75,10.47206111161655,11.974911049248396,5.532080640635968,9.771129934994253,0.8357248250638531,1.1888324214684005,0.5657482344348899,0.942737422189149,0.09024923794444017,0.020972234517238952,0.29160494588419006,0.033040970864122166,150.97154838128597,130.52622742700535,237.4042654714341,41.507228052150246,-3.797528504407419,-78.14530047265633,94.34279710979013,27.314957327058202,-150.92377943154347,104.54859186217948,-217.85367083786338,-31.252889255142442,1.7247903522298778,1.3942037733794859,1.7205655622291978,1.5190408686697798,0.4955285772131203,0.5522693138814936,0.817029577925655,0.5419838795051478,-0.5491674013819657,0.3940597614954046,-0.6718937140204725,-0.1819543848662773,2.842294985014985,3.382695124875125,3.390400999000998,2.6684405394605393,-0.000835225195225195,0.0005265963465963467,-0.0011924544524544519,-0.0001875686475686475,24
106,223.49849999999998,11255.5608,75.3275,8173.219499999999,-0.25288460287504755,-0.33232470217731436,0.5541653039437464,-0.5416223922727879,-0.23645184474402497,-0.35487130538638495,0.7650791867191578,-0.26143104028969677,0.44648999999999994,3.29446,0.20417,2.8406299999999995,0.15538719348775176,0.6341089089423046,0.18341785927220938,0.3225534112360308,0.3480194259395547,0.19247734346214695,0.8983585211941489,0.11354995590275076,0.46,3.36,0.18000000000000002,2.8600000000000003,0.0,1.36,0.0,1.93,0.86,4.72,1.03,3.67,0.0005505505505505506,0.001601601601601602,0.00047047047047047043,0.0010310310310310308,0.04095095095095095,0.13059059059059058,0.03046046046046046,0.0732032032032032,66.0,70.0,49.0,73.0,446.48999999999995,3294.46,204.17,2840.6299999999997,10.750043627100897,8.268318464218034,8.020048102649259,9.030174259591954,0.9516810569202444,0.8705759980486633,0.37989689593755016,0.9365283425965052,0.026822923748436978,0.09542558207694718,0.14289848925007753,0.08081351603420917,48.801282811662226,84.01048290925786,54.90698459194164,97.36385413559834,-15.509983321227809,-6.9770834471282885,2.725821253336765,-75.73604279418933,46.27100194980734,83.72025767529932,54.839282047402605,61.18637032881417,1.3658198520162093,1.4706918499639419,1.6391569056469695,1.4587330179708695,0.6080028082717717,0.7118029946605215,0.6488965881530329,0.6898122739178908,0.5170354013119803,0.20766934045487842,0.3472271540754615,0.2719965743370184,0.307474945054945,3.066602897102897,0.09396999000998997,2.6888231368631366,0.0002783084183084184,0.0004561703761703762,0.0002206206406206407,0.00030391764391764393,33
107,732.6082,13623.391899999999,548.1617,7574.3293,-0.47228028400577804,-0.12921694135814032,-0.06574852724079872,-0.4799254764230856,0.20539946093657133,0.1704680902943772,0.15292178859984726,0.021850491759024916,0.74552,3.6489700000000003,0.68145,2.73481,0.42048558786241413,0.5553465936692148,0.2894608738672638,0.30845350362737006,0.5640165090975616,0.15219269921901654,0.424771991880936,0.11278790980995756,0.76,3.625,0.66,2.74,0.0,2.2399999999999998,0.0,1.93,2.08,5.28,1.54,3.5300000000000002,0.0008108108108108109,-0.00028028028028028053,0.001101101101101101,-0.0006506506506506506,0.10077077077077078,0.14526526526526526,0.044044044044044044,0.0817917917917918,65.0,72.0,62.0,66.0,745.52,3648.9700000000003,681.45,2734.81,9.91625014652832,10.332561824202871,6.262825945213063,10.669463091491089,0.8441436012033987,1.01967160887642,0.6572754333163184,0.9668597582297385,0.10593261120855413,0.03598828156262979,0.11282087664261287,0.058728297023689535,122.9554583340966,65.69513457927368,105.2309866515388,41.35431408126577,-15.682825182833776,65.01204646637251,-45.54795876168388,37.53665380765375,121.95119404266792,9.449048716304958,94.86276405576785,17.35450702429573,1.7659747513603656,1.4725151711682833,1.521938481516444,1.497961768715025,0.46106256926606,0.5590009875226222,0.8084015609894145,0.4746029552768578,0.40998059111634433,0.09599392718332714,0.540151662435262,0.06383227194287372,0.4472285914085913,3.5567268331668336,0.41090973026973027,2.7007412387612386,0.0005971799971799973,0.00018467100467100468,0.0005416221616221616,6.820572820572821e-05,32
108,5908.9301,7517.2143,206.3095,7135.6813,-0.3074088064605842,0.2918011039924573,1.7197295511209698,0.25674049875371896,0.035395262446669504,0.3614730342291815,1.2181985472303618,-0.20182821684697755,2.41157,2.72323,0.36957000000000007,2.65559,0.30538538782986985,0.31817081434349065,0.26405968094353216,0.2890035499781966,0.12663343292123797,0.11683582155877052,0.7145051842507025,0.10882837711325792,2.41,2.7,0.31,2.66,1.6400000000000001,1.88,0.0,1.51,3.21,3.8099999999999996,1.72,3.42,0.00033033033033033,-0.001441441441441441,0.0008508508508508507,-0.0009409409409409409,0.08971971971971972,0.10074074074074074,0.07246246246246248,0.08892892892892894,79.0,86.0,71.0,77.0,2411.57,2723.23,369.57000000000005,2655.59,12.082826635919416,12.72881763052686,12.200033298494208,12.333826360419772,1.0058390643263087,1.148560248280852,0.8592723043077235,1.2384869423129778,0.06394199182781524,0.028740135098723307,0.07590835164297971,0.015406186139914624,33.640470393935786,36.12232864408405,35.51180136824649,29.1521489847047,-33.31432947831898,35.48828938552282,-22.71943993107162,27.360822963973327,4.672975469149952,-6.7382448130506045,-27.293132572796065,10.061468936518624,1.4824523426916199,1.2659932385390604,1.4620365600454017,1.4409004353006654,0.4266796125672859,0.5091112688215179,0.42080219682410325,0.4243455877869007,0.23112567775204118,-0.25030698360986686,-0.12827174595420324,-0.16674808013771375,2.2894398801198803,2.8610333066933067,0.42817834165834173,2.7389754645354647,0.00024450474450474446,-0.00027588249588249574,-0.00011733401733401736,-0.00016693786693786699,26
111,427.56809999999996,16641.2586,2971.3651,6665.2718,0.47534137901223295,0.8766539340008244,-0.0635041726367529,-0.23106917548279116,0.569677252582233,0.5608727365388799,0.008902791353147569,-0.12430597789658702,0.6037899999999999,4.05442,1.6984700000000001,2.5649799999999994,0.2510094338864577,0.45048536446814785,0.2942188965719231,0.29351217964507026,0.4157230724034146,0.11110969373378876,0.17322584241813108,0.11443059191302479,0.58,4.01,1.7000000000000002,2.58,0.03,2.77,0.8400000000000001,1.6800000000000002,1.56,5.859999999999999,2.63,3.35,0.0004904904904904905,-4.004004004004007e-05,0.00048048048048048047,-1.0010010010010242e-05,0.09390390390390391,0.16202202202202204,0.09275275275275274,0.09144144144144144,87.0,87.0,77.0,84.0,603.79,4054.42,1698.4700000000003,2564.9799999999996,15.143328271211026,14.601980289908264,12.821475047543677,12.370181075858333,1.1642756004181167,1.1760339844839645,1.094352951851327,1.2886054025701363,0.011520836993082817,0.015407584996004253,0.022068264623007927,0.005954788615759377,44.77650948317563,24.319830114260533,44.46277218737048,46.782797384781766,43.685843590740575,18.87085393054182,24.753227272721986,-3.6950553280560783,-9.822569483707781,-15.34095853324191,-36.93529274516419,-46.636645433265755,1.4382992573770683,1.4449413151839134,1.6742315760612154,1.327893436224401,0.26703040086339747,0.2515912735885631,0.3595027928494977,0.5216893504571561,-0.06616733849572301,-0.22201456031741706,-0.1806421521980186,-0.3172390980113834,0.6325282317682317,4.227476723276724,1.7904336063936066,2.7260961838161832,-5.7533997533997536e-05,-0.0003464599064599065,-0.0001841113241113241,-0.0003225549225549225,30
113,3072.1768,1925.2306999999998,5498.168,2671.4977,-0.7351228029532941,0.7119072461506422,3.6833390304588582,0.7650191160336428,0.07390712598201389,1.1909187734148838,1.9794581355682512,-0.4961467712748426,1.5353400000000001,1.17869,2.00248,1.55625,0.8455222554137768,0.7320659696366169,1.2199351825404496,0.4995834639977588,0.5507068502180473,0.6210843984734042,0.6092121681816796,0.3210174869061904,1.66,0.93,1.745,1.6,0.0,0.0,0.5,0.03,3.67,3.74,6.55,2.91,0.0011411411411411411,-0.0023323323323323326,0.0031831831831831835,-0.0019219219219219219,0.11227227227227227,0.1332832832832833,0.08254254254254255,0.1006206206206206,68.0,77.0,69.0,86.0,1535.3400000000001,1178.69,2002.48,1556.25,5.63998340313292,7.724577789671233,2.824774017726236,7.9717650332227095,0.5543430809683065,0.6448990920822655,0.25426582040238804,0.8877964319733215,0.2707883689624726,0.23479600608240148,0.46723632813580807,0.07025658670053048,101.02064154756353,39.3562350032759,341.4250065972026,131.19312616522794,94.28880252958608,16.028968449748277,339.402246333751,-129.89652219324236,-36.26005703550453,-35.94419847583269,37.109975929709705,18.399181370536823,1.5969439239458016,1.5231716509322224,1.5998227232168192,1.3793153973942793,0.8506516832002502,0.7255826388438229,0.9539554089551229,0.7984530688393779,0.01726462844530801,-0.23423814521800304,0.3655095808290251,-0.22276665685332162,1.5100814385614387,1.4754013586413586,1.230933946053946,1.7488182017982017,5.056769056769063e-05,-0.000594016734016734,0.0015446367446367445,-0.00038552192552192554,32
114,3153.9736000000003,5996.5882,5342.7641,4317.6451,0.7302000847158849,0.3070718820072278,-0.981536363764989,-0.40628454256700186,-0.9350804410969854,0.7589243245485143,0.21956434197994346,0.2818703216300945,1.73512,2.386,2.23851,2.00419,0.3785923739327035,0.5509920144611898,0.5760530183064749,0.5485139413907362,0.2181937698445661,0.2309270806626948,0.2573377015543709,0.27368360354593935,1.81,2.29,2.19,1.97,0.5,1.1500000000000001,0.99,0.77,2.51,4.33,3.54,3.52,0.00015015015015015006,0.000800800800800801,0.0010410410410410412,-0.0009709709709709708,0.08123123123123124,0.15021021021021022,0.06778778778778778,0.10205205205205208,72.0,82.0,64.0,75.0,1735.12,2386.0,2238.51,2004.19,8.546555338161655,10.891234528391742,4.822259060958358,7.462303035784242,0.8917794576101358,1.0540946209101019,0.49345187117754424,0.8333938930827569,0.054137805557792795,0.03042503089748294,0.2951487425188688,0.09941391716186132,84.93653652350169,125.59492347990322,282.4298317448354,218.29498777859484,-75.76417513746955,99.13989398393514,-26.9098662273843,14.810537428974566,-38.392772787947706,-77.10620094893048,281.14492518813194,-217.79198715820976,1.4613937294750898,1.40034481443228,1.5132503409304439,1.4366119209475428,0.6694953662835409,0.5894658233335813,0.8877944801330608,0.79063423805259,-0.10256505288647184,-0.1674967910176997,0.7624660787941653,-0.6156343672223029,1.802308911088911,2.54569014985015,1.4785174825174827,2.5884913086913084,-0.0001345123345123345,-0.0003196999996999997,0.0015215065415065416,-0.0011697723897723896,32
115,5422.7065999999995,4983.0394,2455.1437,6227.6152999999995,1.5947142923469806,1.5884013484285444,1.361686888082907,-0.2102537311360022,-0.8020032315738564,1.0027420631053703,0.09933820731651528,0.2090112425116807,2.31146,2.18966,1.53923,2.45939,0.282593822296242,0.43408349934085266,0.2931121067100436,0.42310297552723497,0.12225771689591948,0.1982424208967843,0.19042775070005366,0.17203573875116795,2.33,2.13,1.52,2.43,1.16,1.24,0.51,1.37,3.03,3.9300000000000006,2.6100000000000003,3.75,-0.0005105105105105105,0.0013313313313313313,0.0010610610610610615,0.00014014014014014027,0.0867967967967968,0.12197197197197196,0.06138138138138139,0.10252252252252254,87.0,87.0,75.0,85.0,2311.46,2189.66,1539.23,2459.39,12.239885454906025,11.15266504742036,8.483731933199643,9.715068583601232,1.2001304100672183,1.1077632935900101,0.889888763888597,1.0024597060639304,0.012909901089258824,0.03831258639495161,0.05558635704375359,0.06678812302835802,107.41970241795518,109.06707154534143,82.87890997640848,125.64050105045328,-104.52724918383709,105.27472922447402,81.23960725135674,109.71972840835113,24.759778787825965,-28.51065559032809,16.40243678612802,-61.213697014692855,1.2368736465984635,1.248860397115702,1.3958213240101276,1.3446390634940988,0.6044350394050323,0.666327655145457,0.7058760432300315,0.719605268500599,-0.04735187113077871,0.14398066227620201,0.0810327380474033,-0.09188991454098364,2.334614005994006,2.0815156643356643,1.4981320079920082,2.526662917082917,-4.635436635436636e-05,0.00021650517650517658,8.227826227826226e-05,-0.0001346805146805146,28
116,1423.1548,10267.3527,26.571,4898.1535,-0.6500088057647653,-0.37565335384137155,6.150334661095107,-0.024360616510435307,0.0695876928142511,-0.24448805823642622,2.0154043700222384,0.08948232193146131,1.13196,3.1581300000000003,0.11052000000000001,2.20173,0.37659176624031493,0.5418187917560631,0.1198179018344087,0.22480771138908914,0.33268999455838977,0.17156316926664292,1.0841286810930935,0.10210503167467816,1.12,3.1950000000000003,0.07,2.19,0.26,1.7299999999999998,0.0,1.52,2.12,4.57,0.76,2.99,0.0009609609609609609,0.00014014014014013983,0.0005805805805805805,0.0004004004004003999,0.12208208208208209,0.15003003003003001,0.02966966966966967,0.07481481481481479,72.0,80.0,57.0,86.0,1131.96,3158.13,110.52000000000001,2201.73,13.160799108320802,10.96158338283051,11.254416959718085,13.443126321590244,1.107531826680498,1.1147712888191252,0.5737026052290952,1.2378111200365929,0.022364096325591554,0.017088284226497663,0.22115334069369652,0.031811297281481465,54.803159648305765,218.2286005923308,18.19989144156228,62.61273399480139,-18.602957277786754,-126.03372925563707,18.15918860778958,-39.791406941173506,-51.54916379494948,178.15504822037406,1.2165186358527436,48.34251122920371,1.658995292407008,1.436893261347273,1.362336297720452,1.40047377982361,0.2351962187110224,0.602347737816912,0.5586790337934804,0.44283774317580094,-0.11695844952951949,0.5440765827312682,0.27077203430929636,0.4252579550474657,1.2081729470529472,2.6480474925074926,0.054382657342657355,2.036309250749251,-0.00015257847257847259,0.0010211862011862013,0.00011238707238707238,0.0003311726711726712,27
117,3500.9950000000003,24530.7961,2074.1547,12951.8688,-0.48606879164665084,0.5022072619262699,0.6313336748636176,0.3632624662461468,0.014729608901493049,0.7882328618423814,0.859737314166411,0.8764035521706657,1.8324200000000002,4.90123,1.3069300000000001,3.5795400000000006,0.3784599630079779,0.7132605324143486,0.6050526217611158,0.37250797092142873,0.2065355993756769,0.14552684375439404,0.46295717579450757,0.10406587743716474,1.8399999999999999,4.73,1.1800000000000002,3.49,0.8300000000000001,3.49,0.21,2.78,2.8,7.57,3.5599999999999996,4.89,-0.000800800800800801,0.00026026026026026007,-0.0001701701701701701,0.00024024024024024045,0.09231231231231231,0.16398398398398398,0.06263263263263263,0.09067067067067067,69.0,77.0,53.0,75.0,1832.42,4901.23,1306.93,3579.5400000000004,9.974276290593293,9.374084946705679,4.381218570259637,9.70113875517339,1.0016457157513803,0.8248676237903898,0.396963855652126,0.9477036050295884,0.03569524757222364,0.12906766577171958,0.4077296274104292,0.05414229241492485,72.6551971764263,108.67439414008152,273.5296499045777,123.0313335504542,26.147195160084287,-63.3400618701209,227.64823218902558,-74.48604201338942,67.78718066128617,88.3071939538509,151.64020495281693,97.92108343141788,1.4998198131807223,1.4377975379714028,1.499737431065515,1.33771626112381,0.6069797026105094,0.6371846068706403,0.9051605220136021,0.6903123256517816,0.21047546540992934,0.26545443571174393,0.5563169282210417,0.30943629027879216,1.6945887312687313,4.573614445554446,0.7245026573426574,3.38009040959041,0.00027593847593847595,0.000655886995886996,0.0011660207060207061,0.00039929847929847935,30
118,11337.249600000001,5233.0224,2009.7635,6333.375400000001,-0.027659530009818578,1.004904468256702,-0.11162058948766207,-0.10182129645186944,0.274267275497625,0.66568306549344,0.6805748560541851,0.3246471356760401,3.3437200000000002,2.26028,1.37775,2.4945,0.39596232346019994,0.3523587966831536,0.3340186184930415,0.33293415264883836,0.11841970124896818,0.155891657972974,0.24243775611906476,0.13346728909554553,3.31,2.235,1.33,2.4699999999999998,2.23,1.39,0.72,1.69,4.62,3.7800000000000002,2.44,3.5300000000000002,-0.0009309309309309311,-0.0014514514514514516,-3.0030030030030056e-05,-0.0012012012012012014,0.10531531531531532,0.10591591591591591,0.07774774774774773,0.08958958958958958,60.0,74.0,73.0,72.0,3343.7200000000003,2260.2799999999997,1377.75,2494.5,11.256022565440201,12.37807883250518,9.771361844434166,10.670000677323456,0.9290975055657701,1.023803568801155,0.8387517459823483,1.0484886655299184,0.04334380800492976,0.02567177062814352,0.13328702025174533,0.055134583011177796,49.45427673204599,74.78475335881535,93.8133134519065,73.51116421930845,-45.46348182438656,19.8290389341115,27.474292597225862,11.028777024162945,19.462715830362875,-72.1080338789537,-89.70006146657693,-72.67913966351989,1.5867994590372207,1.450335136714272,1.5598434541548967,1.5088710444271265,0.39874679799251933,0.4286666282602665,0.5986090967302234,0.5207240227656358,0.07608209735119313,-0.3702116288302209,-0.4880824300466339,-0.29922402283473015,3.2915930069930073,2.4859955644355645,1.6598416183816185,2.666877722277722,0.00010435834435834431,-0.0004518830118830119,-0.0005647479847479848,-0.0003451005451005451,33
119,607.9355,35204.521,5462.8717,7262.833799999999,0.39239520202092804,1.3872802513344094,-0.03194000648539008,0.632349961661685,0.5242125720799984,0.9547011074732703,-0.09123994187101768,0.41398682111672147,0.69505,5.880979999999999,2.2676100000000003,2.67626,0.35332845554809195,0.7865082578078886,0.566406733628759,0.31696405537536904,0.5083496950551644,0.13373761818742602,0.2497813705305405,0.1184354492371328,0.645,5.76,2.27,2.65,0.0,3.5799999999999996,0.51,1.7,2.1,8.72,3.55,3.89,0.0003503503503503504,-0.0006206206206206189,0.0015015015015015015,-0.00012012012012012023,0.09092092092092093,0.17853853853853854,0.09451451451451452,0.0825825825825826,70.0,76.0,59.0,80.0,695.05,5880.98,2267.61,2676.26,10.462927489797702,9.594429880027702,6.867878897779558,10.61670904627434,0.9141087040201628,0.8258242326695605,0.6759403904159762,1.0108567777976412,0.05741064867647605,0.08567826688261615,0.17273273718490856,0.06620596132694345,61.59660273611844,110.19663128841776,61.31124754360592,24.32626556830986,-58.76697462294459,93.89809734263568,60.8241625566612,21.201649543147187,18.454922440838914,57.67534016153182,-7.712997123957505,-11.927164505845665,1.6102156262928315,1.6267673021061224,1.7433344081896653,1.4674014314025827,0.5221961191839064,0.618926513596249,0.715282511466002,0.5608479253865043,-0.011427826201367605,0.08999756114977825,0.147997193827328,-0.030182319189172156,0.7020366433566433,5.758501358641357,2.122563176823177,2.6928134665334666,-1.3987273987273973e-05,0.0002452024852024853,0.0002903840303840304,-3.314007314007315e-05,33
120,2912.3424999999997,3779.4923,4576.0500999999995,6305.8993,-0.30365211875351683,1.1306511755267912,1.3574954517090787,-0.35541891020804606,-0.07448369671410379,0.6035787174430075,0.7221726627913791,-0.029808201570654613,1.6435700000000002,1.87925,2.11921,2.48219,0.4593693014340423,0.4979073583509286,0.2915460099195323,0.38030527724447893,0.2794948200770532,0.2649500377017047,0.13757296819075612,0.15321360461708367,1.6400000000000001,1.84,2.1100000000000003,2.51,0.37,0.6699999999999999,1.38,1.26,2.84,4.42,3.3,3.61,0.0005405405405405405,6.0060060060060337e-05,0.0005605605605605604,0.0006906906906906906,0.12296296296296297,0.14224224224224224,0.06476476476476475,0.08823823823823825,71.0,79.0,69.0,73.0,1643.5700000000002,1879.25,2119.21,2482.19,10.981753353427791,11.661316407947881,8.74062226875732,9.157832123213213,0.9194038026230017,1.1304338415592359,0.9590524736844273,0.9475035956298961,0.030133395763165538,0.012622462523207645,0.036801069670613806,0.03573850323318428,20.850449672204313,74.29800152123829,53.263122080056895,61.809980812889684,17.184118245236636,43.96398833869294,18.4345910507976,17.18785971133011,-11.808781972195536,-59.89458038424844,-49.97125200057427,-59.3721416712706,1.7452099755984702,1.400105345084549,1.474716657248152,1.431726512264497,0.35301443906444935,0.48926787272284045,0.7102967210496474,0.6638548437320065,-0.06893057323282172,-0.28014883450794137,-0.19445316076125999,-0.33545267325142625,1.6983598601398604,2.1206091108891107,2.2173053546453545,2.7029345254745256,-0.0001096894096894097,-0.0004832014232014231,-0.00019638709638709637,-0.00044193098193098205,34
124,3440.3006,3330.3126,10083.3357,2084.4018,-0.4892622824062087,0.8670267815952619,0.047456150112371365,0.13643851659517559,-0.3676502391485669,0.6848394276462593,0.4360274549279798,0.5005955655411131,1.8073000000000001,1.78298,3.11889,1.40748,0.41709388631338146,0.38896647619042957,0.5965407512483955,0.3215615797946017,0.23078287296706768,0.218155266009955,0.19126700564893134,0.22846618054579937,1.865,1.73,3.08,1.38,0.58,0.72,1.8399999999999999,0.48,2.71,3.4000000000000004,4.88,2.38,0.0011211211211211213,0.0001601601601601603,0.002212212212212212,-0.0007007007007007009,0.12272272272272272,0.15519519519519517,0.08475475475475475,0.0825025025025025,84.0,95.0,53.0,77.0,1807.3000000000002,1782.98,3118.89,1407.48,11.820585893627516,15.897408194158624,5.988305374854784,10.36640219019415,1.0415232514789816,1.3857595404630658,0.5851679989245662,1.048955823549322,0.04856977774664628,0.004562926807404999,0.25659259134506396,0.05465138367328226,59.28187220264349,72.87680842731861,107.56900355478625,97.03520310172699,-48.259414997109936,55.19413169784677,0.9249660348714663,53.98112799353362,34.42919162552724,-47.588202662769724,107.56502667504876,-80.63416435692223,1.5904407171305572,1.2827710911536911,1.765625733773842,1.3439636217004496,0.40295833416741306,0.29878974103527123,0.7547105688089292,0.667727579816034,0.2206802384049415,-0.210312529287411,0.4448882676699591,-0.4980412662642696,1.6480338061938062,1.924527972027972,2.6596735864135863,1.684592307692308,0.000318851238851239,-0.00028337932337932326,0.0009193521793521794,-0.000554779394779395,33
125,2721.415,1993.2566,2505.3159,2783.6923,0.5128358129786497,1.5988648134004069,0.25565661201477097,0.9960879150004458,-0.44952006515323517,1.0641484667873229,0.6298746395340887,0.7776693957291625,1.63248,1.3835,1.56591,1.65661,0.23753746988633181,0.2813971392889416,0.23074178620267288,0.19833206472983636,0.14550712406052865,0.20339511332774965,0.14735315963412512,0.11972163920888826,1.65,1.3399999999999999,1.5499999999999998,1.64,0.7100000000000001,0.7400000000000001,1.1,1.13,2.2600000000000002,2.49,2.31,2.41,0.0003603603603603605,-0.0008308308308308308,-0.0007807807807807808,-0.00041041041041041013,0.06724724724724725,0.08477477477477477,0.05163163163163164,0.057107107107107105,76.0,86.0,61.0,80.0,1632.48,1383.5,1565.9099999999999,1656.61,11.524262107638817,11.964562736788187,9.015030437277932,11.381748707357652,1.1616115104459694,1.1953455778150375,0.9201979822370169,1.2278075573651763,0.04126968908608042,0.017899673478391165,0.09036127257145132,0.009841536618679037,75.46714961292476,38.07198448725856,71.6397279474038,33.797180512597905,-74.30327814877275,37.79354076481262,64.72113204063625,25.42469681655145,13.202784821607906,4.596115670487816,-30.715235433845464,22.267334873926117,1.4165599957986243,1.2462536540120372,1.513021090755616,1.3579075381197567,0.49527847669184955,0.6230301814657665,0.6349632722880922,0.566185701001098,0.26483099879049565,-0.3085915938110696,-0.34405070288541945,-0.08028914301714497,1.5236302897102896,1.5337554045954045,1.7032746653346653,1.6841634565434564,0.0002179173379173379,-0.0003008116208116208,-0.00027500433500433506,-5.516207516207508e-05,28
126,44.5039,54649.73330000001,613.6105,9984.493999999999,1.6011963812654666,0.49354586090079566,-0.4478708334174555,0.4894505076908655,1.5545629793103615,0.30021364816434404,0.2768563857330727,-0.1024651221679737,0.12207,7.37629,0.75049,3.14758,0.17205468636453933,0.48997870963951073,0.22444433586080983,0.2779103157495238,1.4094755989558396,0.06642617218676472,0.2990637261799755,0.08829332876353382,0.03,7.36,0.735,3.15,0.0,6.0600000000000005,0.19,1.85,0.75,9.059999999999999,1.41,4.1,0.0,3.003003003003028e-05,0.0003003003003003003,0.0012712712712712709,0.040920920920920915,0.15432432432432433,0.05071071071071071,0.08871871871871871,50.0,79.0,68.0,84.0,122.07,7376.29,750.49,3147.58,12.70792658780263,12.576330867571219,9.300046715134595,12.73736320226831,0.24077594432135213,1.239586037648758,0.8738209203380921,1.2359923790328327,0.23579717871179362,0.005953389759670635,0.12062499774702751,0.0017792031906997963,23.80593391142009,159.831083083969,55.417595214623496,49.59413864724554,14.74924966714825,109.85876211823677,50.405083016970394,3.777859429664691,-18.686415484277028,-116.09060041899717,-23.031228048547113,-49.45003909292598,1.605049406743572,1.3445196458883246,1.5356918458851148,1.3875167947635054,0.3788771503232192,0.4373610664685433,0.6436830154295121,0.4163525974475554,-0.12594123972333213,-0.3682417376345303,-0.011376421003916079,-0.36895407225531773,0.1595639160839161,7.688492627372628,0.7549081518481519,3.3250002997003,-7.506289506289508e-05,-0.000625030285030285,-8.845148845148849e-06,-0.0003551957951957952,32
127,2791.2109,18974.534799999998,4633.651900000001,7304.509,1.4635718270844325,-0.2568932943967419,1.3584486654537877,-0.31393773199080366,-0.6693228606249039,0.17494356856451096,-0.05770678280102559,-0.13063826302162787,1.6511300000000002,4.34382,2.14543,2.69158,0.2549129716197275,0.3252116350932113,0.1754480410263962,0.24475723400953853,0.15438697838433524,0.07486765913256335,0.081777564882749,0.09093440804640342,1.67,4.33,2.15,2.71,0.61,3.32,1.49,2.0,2.3499999999999996,5.44,2.7699999999999996,3.4000000000000004,0.00032032032032032015,-1.0010010010010686e-05,7.007007007007013e-05,0.0003603603603603607,0.0904904904904905,0.1386886886886887,0.05452452452452454,0.08514514514514515,85.0,90.0,77.0,82.0,1651.13,4343.82,2145.4300000000003,2691.58,14.585726588782915,16.905493617142604,12.639061557953129,13.873399218970953,1.129543877458043,1.5140506286550275,1.1702362890538514,1.344945223735052,0.015407584996004253,0.008738512232465467,0.012907103377081341,0.01401012776329491,41.07868417643366,60.04254854023301,32.36234760346388,40.43054814634838,-40.509446814455615,-59.265919882452394,-24.07544332272065,-29.20514555175767,6.814911037861975,9.625922069753665,21.626247275518928,-27.958696262788138,1.464533140090536,1.2457777594763395,1.4209134690854517,1.3888601072958475,0.2927935799034996,0.27061052351601883,0.4643472054220622,0.3099027533857379,0.20238622421358682,0.01493377766245884,0.20482220995514355,-0.10920540791727722,1.561861298701299,4.335416463536464,2.08324983016983,2.7378293906093907,0.00017871611871611868,1.6823896823896827e-05,0.00012448482448482455,-9.259137259137257e-05,29
129,2285.0134,10227.799900000002,3795.448,6768.389499999999,-0.012648193543503439,2.155109828047196,-1.0740124263175084,0.09008511494127802,-0.45912217845724995,1.1761689146518537,0.16429620930271568,0.15008899034550985,1.4493200000000002,3.15051,1.8318599999999998,2.57675,0.4295170981462787,0.5496240896285388,0.663126639790621,0.3588160217994732,0.2963576699046992,0.17445559278610093,0.36199635331882407,0.13925139101561004,1.51,3.0500000000000003,1.8199999999999998,2.575,0.03,2.04,0.36,1.67,2.44,5.630000000000001,3.21,3.97,0.0012312312312312312,-0.0014014014014014013,0.0018118118118118118,-0.0005505505505505504,0.09338338338338338,0.14830830830830832,0.0786086086086086,0.09454454454454454,78.0,84.0,73.0,83.0,1449.3200000000002,3150.51,1831.86,2576.75,8.7903198382616,10.725601153920664,4.82512941899867,10.288805293844042,0.9157401013883525,1.1252002085693102,0.48555362115467904,1.0597489895393337,0.08191391414680016,0.03570224185266646,0.27558198907470466,0.023754559277855414,179.48701389968042,137.16980143172088,368.97677915605834,131.3175100547183,-60.79620878999222,-31.388959847643292,-147.4918622317686,21.789275996921823,168.87690533458903,-133.53010006923822,338.2159282644501,-129.49716560025942,1.3814425108588555,1.2374657992916247,1.3811940168209145,1.173318743662846,0.7277703272238586,0.6974256182838151,0.9113481472971523,0.7376331717154215,0.61879278702293,-0.44402239624233014,0.7090743564745117,-0.5839279543791042,0.9894320479520481,3.5727865534465537,1.0182531668331667,2.939291248751249,0.0009206966006966008,-0.0008453985053985054,0.0016288425088425088,-0.000725808305808306,30
130,58.161699999999996,3375.0546,79.4509,1295.5172,1.3383186250940091,0.2122398015673217,0.754430261870719,0.11752238280918581,1.21190824982566,0.1601543339777907,0.7735486499715823,0.16822379966085194,0.17273000000000002,1.7948199999999999,0.23467,1.11674,0.16830343757630145,0.3920150094065277,0.15614381543948513,0.22002039087320974,0.9743729379743035,0.21841466520683286,0.6653761257914738,0.19702024721350514,0.13,1.8,0.22,1.12,0.0,0.6799999999999999,0.0,0.48,0.9299999999999999,3.07,0.9299999999999999,1.9300000000000002,0.00024024024024024023,0.00035035035035035043,0.00037037037037037035,0.00011011011011010998,0.05041041041041041,0.12005005005005005,0.038148148148148146,0.08303303303303304,62.0,79.0,60.0,74.0,172.73000000000002,1794.82,234.67,1116.74,13.6634681707984,12.465610601789624,10.371294370591208,15.202372021352224,0.5806007935663361,1.1913782583237842,0.8158350934427608,1.359259113668463,0.11983286255705217,0.012623861379298162,0.0588009110462453,0.01638815675405425,37.718602329188066,101.68210541557103,60.663511262704986,39.90885350296388,-36.52233198937297,-71.5091080033684,-60.16947093098477,36.81482488329783,-9.424023966727553,-72.28898971700943,-7.726342382118055,-15.407311794506757,1.3864602611688353,1.409451675515003,1.5090625552759311,1.2614699132590366,0.39745007283118483,0.4475442278627589,0.6157383395438144,0.3776668471878066,-0.12662191747865847,-0.2775620527640757,-0.07476825018155589,-0.025416289877382862,0.20960467532467536,1.9830934665334665,0.2548707892107892,1.1264161238761239,-7.382317382317383e-05,-0.000376923856923857,-4.0442020442020435e-05,-1.9371619371619335e-05,32
133,6343.7847,21429.7652,5634.291300000001,13832.558,1.03541046864285,1.3115163076760639,-1.01062114548064,0.22682264392125218,-0.828060620387538,0.5483667568079766,-0.01660813096667511,-0.5112597358777747,2.45293,4.58828,2.21801,3.7000599999999997,0.5717684103725913,0.614371094372123,0.8454128813189447,0.37698010080109,0.23309609747224394,0.13390008769563388,0.38115828211727837,0.1018848615430804,2.525,4.54,2.23,3.73,0.5,2.6700000000000004,0.43,2.54,3.84,7.42,4.1899999999999995,4.5,0.0012212212212212212,-0.0009609609609609605,0.0028028028028028026,-0.000800800800800801,0.11635635635635636,0.17133133133133135,0.09825825825825825,0.09941941941941944,78.0,81.0,65.0,83.0,2452.93,4588.28,2218.01,3700.0599999999995,8.425086570893265,11.303091379420346,4.899671934539436,10.466684747791296,0.796993162229892,1.0787305398468778,0.4928300797907141,1.068075176881316,0.10337422647904582,0.04961135823244511,0.34555647133057743,0.03204920825736224,62.271975322184325,77.76017285013636,271.6482711527212,106.52928425627242,14.437343172177998,-48.62555703575917,106.15652827827006,-50.85874580269063,-60.5752592454667,-60.68113120769269,250.04714500303177,-93.60489506180213,1.5925749679636265,1.3651638502116519,1.6956900801548251,1.353680291241381,0.720641906101665,0.5794391841264197,0.852206654388138,0.6507351350171156,0.1260232329672689,-0.23075447578155625,0.6279598617804728,-0.470256636020215,2.32824991008991,4.833585474525474,1.2994086513486511,4.006806553446554,0.0002496097896097895,-0.0004911020511020512,0.0018390417390417395,-0.0006141072141072143,30
134,970.9327,21939.150999999998,101.39949999999999,11841.9912,-0.48356481373795823,0.6467720267068438,0.5814707579872871,-0.056395947362509524,0.10559895601496538,0.06698941490010919,1.1391986633727123,-0.0051316391960252485,0.88791,4.65868,0.22067,3.4269000000000003,0.42725698578256155,0.4856456090607636,0.22957406451949225,0.3136041932117618,0.48119402392422833,0.10424532465435779,1.0403501360379401,0.09151250203150421,0.915,4.67,0.15,3.4450000000000003,0.0,2.79,0.0,2.48,2.23,6.589999999999999,1.02,4.43,-0.0018018018018018016,0.0010510510510510513,-0.00018018018018018018,0.00019019019019019014,0.10250250250250251,0.15628628628628627,0.04182182182182182,0.07618618618618618,71.0,83.0,58.0,77.0,887.91,4658.68,220.67000000000002,3426.9,9.772358348214377,13.106438783498874,8.464117189973544,9.750277518069998,0.8957580460022473,1.1731249700827635,0.35729925715105276,0.9562438669351782,0.0820643819791611,0.015406186139914624,0.2794440724951155,0.08865993707803987,69.89539518540812,99.95424355670269,60.48369947986501,64.1339843571547,-36.64376992335943,-11.33952641253591,40.82067079896191,47.490060814542474,-59.51974793233143,-99.30894192232662,44.63127533796677,-43.10292418566079,1.6876840776112276,1.4618490071810704,1.7036269195205365,1.466551390089017,0.5138612095654583,0.3991391367822025,0.6528092735744113,0.6710114987956921,-0.39366314591479706,-0.18440316757381886,0.4098872191729133,0.060447132382228055,1.1789416783216784,4.813638061938062,0.05784783216783221,3.394099240759241,-0.0005826460026460027,-0.0003102263502263502,0.0003259703059703059,6.566718566718567e-05,27
135,98.4843,5351.042,2228.3603000000003,5440.0252,1.8437475497904035,2.405926023836852,0.5439836968184326,2.059633370249888,1.3277384225465556,1.1242598456306396,0.1235209380060672,0.7142293703270857,0.22811,2.2523,1.4615100000000003,2.3161600000000004,0.21552291734291273,0.5274340811892989,0.3038894863268553,0.27464168365344693,0.9448201189904551,0.23417576752177727,0.20792843451420465,0.11857630027867111,0.17,2.2,1.45,2.3,0.0,1.29,0.42,1.62,1.19,4.720000000000001,2.52,3.74,2.0020020020020037e-05,-0.000980980980980981,0.00040040040040040074,-0.00047047047047047065,0.05437437437437438,0.13577577577577576,0.07411411411411412,0.08165165165165164,68.0,76.0,67.0,73.0,228.11,2252.3,1461.5100000000002,2316.1600000000003,11.295220020541397,10.722485892578431,10.114622312489622,12.111870502081675,0.6093584416433582,0.9218150379085156,0.8405242231799492,1.0601571388241664,0.17838308007114545,0.0936407883411512,0.13506503554586846,0.021262470795468502,51.32883079119088,78.69407691413413,65.8011191376894,8.638515072977413,50.64095345880412,13.811014327073586,56.09458661577678,3.0075732662457453,8.375124069166944,-77.47266372485862,34.397450954649386,-8.098051970333472,1.4769849405982187,1.5837716397001467,1.6791183737974276,1.5553142203784982,0.5391946713398321,0.4661115758509617,0.5305813344778866,0.3643229691428762,-0.15396687811233611,-0.17327856916342688,0.13727015757534433,-0.04157125570303387,0.2855278721278722,2.410439140859141,1.3893297902097905,2.335915404595405,-0.00011495069495069499,-0.00031659487659487656,0.00014450492450492454,-3.955035955035955e-05,22
137,1886.8261000000002,12919.7043,1437.9567000000002,5029.653,-0.5764109723336204,-0.0211648301151226,1.1122933936376769,0.1172545675945007,0.12626846928473234,0.2180593316140743,0.8882487219817163,0.19605774463279008,1.3294500000000002,3.56565,1.17753,2.23366,0.3455268404914443,0.45370075765861356,0.22667112542183224,0.20103732091330706,0.25990209522091406,0.12724208984578225,0.19249711295833843,0.09000354615890828,1.32,3.5500000000000003,1.16,2.23,0.37,2.13,0.69,1.54,2.3,4.93,2.03,2.8,0.00024024024024024034,0.0007007007007007013,-8.008008008008015e-05,-0.00011011011011010998,0.09189189189189188,0.1483883883883884,0.04892892892892893,0.07008008008008008,73.0,82.0,58.0,75.0,1329.4500000000003,3565.65,1177.53,2233.66,10.894626115616001,13.196259454344293,9.003066261101967,14.03474079776879,0.9677726877092986,1.1286127739727247,0.7782243209697441,1.1983909343959847,0.04736248586142455,0.011522235849172446,0.1770118645282377,0.040985048232205834,20.635110198392287,76.81113039780689,3.804836627081463,49.64202616259943,-8.264384298196768,15.85227210794707,-3.10790850480877,49.60923506385058,18.90787468414978,-75.15753602935968,2.194922888057337,-1.804039331007988,1.764449796955663,1.4257314212705081,1.7013526790241353,1.3226910244221348,0.4649943397144449,0.39658334679673823,0.5441196281634942,0.3905073047432088,-0.10035489782848764,-0.33987175882644144,-0.12238331953127576,-0.07304851246587792,1.389449370629371,3.832465414585415,1.2255303896103895,2.2590705694305693,-0.00012011886011886005,-0.0005341649941649943,-9.60968760968761e-05,-5.087201087201091e-05,30
138,1274.5581,20442.7327,303.4883,6082.6246,0.5975216434198032,-0.4371365789474435,0.2950526997962104,-0.6056055523934001,0.48826012755402926,-0.2960865408279177,0.6016127115268818,-0.034579870586150516,1.0796100000000002,4.43903,0.48513,2.44456,0.33015200726332106,0.8589210435773477,0.26103100026625187,0.32672772517801424,0.30580673323081575,0.19349295760050003,0.5380640246248467,0.133655023880786,1.06,4.5200000000000005,0.44999999999999996,2.46,0.32,1.91,0.0,1.5899999999999999,2.4,6.600000000000001,1.44,3.21,-0.0002902902902902901,-0.0015415415415415416,-0.00019019019019019014,-0.0002802802802802801,0.08565565565565565,0.16892892892892897,0.05502502502502503,0.09445445445445444,73.0,85.0,73.0,81.0,1079.6100000000001,4439.03,485.13,2444.56,10.352441858158885,7.882041951465535,8.560037119581372,11.467934174776008,1.041235176084807,0.8324931795653138,0.8035002851875415,1.1374273153625774,0.04241107469209382,0.07333194545155575,0.08763547135695582,0.02845409538876087,105.84803642656009,229.3886886954616,76.70381954786141,33.90845009326272,12.095314264776038,-227.18855959923434,73.9843677919097,-33.15460823085873,-105.15469646285275,-31.694303725567977,-20.24325210193068,-7.110199771143111,1.392851440727574,1.4410750598292796,1.4137319438253293,1.3851371595644617,0.6220613766670308,0.7850493890183292,0.7244933419175181,0.5834446140701982,-0.5602441971952887,-0.062141301298524465,-0.16932470417957163,-0.053392814085924944,1.3996598601398604,4.531384895104895,0.5616083916083916,2.474745274725275,-0.0006407404607404608,-0.00018489468489468508,-0.0001531098931098931,-6.043098043098042e-05,30
139,111.2269,30065.561299999998,14.9407,7238.1461,0.20750375276096644,-0.5689099677364098,1.8622217856410237,-0.47645568211299194,0.6036729682952062,0.294191219519083,1.499654126719982,-0.20135162940562684,0.26823,5.46229,0.07639,2.6788100000000004,0.1981907341426435,0.47848642185541695,0.0954215274453307,0.2492450278340573,0.7388835482333947,0.08759813592017578,1.2491363718461932,0.09304319001125771,0.26,5.43,0.04,2.6999999999999997,0.0,4.46,0.0,2.04,1.02,6.749999999999999,0.5,3.33,-0.00012012012012012012,-0.0011211211211211213,0.0,-8.008008008007971e-05,0.04936936936936937,0.14640640640640645,0.019599599599599598,0.07373373373373375,52.0,81.0,40.0,80.0,268.23,5462.29,76.39,2678.8100000000004,10.724339179003058,12.440399981133334,10.171361438750136,11.825197622344488,0.7721652517872793,1.1875035220097383,0.3129305306270026,1.2572745418140638,0.0957222316943831,0.015695023562054544,0.16877191083602305,0.016798047948267225,20.02340920547899,93.88567200737214,9.686382681622053,64.4237124893845,-19.968325894249226,-15.679241606814767,-8.791691870148574,1.8405822156715257,-1.4842092814413415,-92.56716907689781,4.065976329885739,-64.39741445137554,1.4482957097544684,1.4316932967168663,1.5359360927895698,1.3768760553383665,0.4906203359745707,0.4179668169788141,0.5255766080856297,0.5871740331960678,0.02647060498243352,-0.3184703561438477,0.28135514695173713,-0.474247849408391,0.2591523476523477,5.725962577422578,0.029935524475524472,2.8833405594405597,1.8173478173478163e-05,-0.0005278730278730279,9.300195300195301e-05,-0.00040947058947058936,31
140,4611.913699999999,2494.2536,2765.1791,2979.0615,-0.2904297883789537,0.3311745064590652,0.5579563555598992,0.7020884849709472,-0.399110052223643,0.8731356412213928,0.608714336930918,0.5520311466009247,2.0877700000000003,1.40602,1.62545,1.70057,0.5031203902645967,0.7192783603028802,0.3508438363431799,0.2951663515714486,0.2409845865514863,0.511570504191178,0.21584412706830716,0.173569068942442,2.16,1.25,1.5899999999999999,1.6749999999999998,0.64,0.17,0.79,1.0,3.32,4.04,2.79,2.92,0.0010710710710710712,-0.0020720720720720717,-0.0002602602602602603,-0.0007907907907907908,0.10483483483483484,0.15380380380380382,0.06838838838838839,0.08891891891891891,83.0,73.0,63.0,78.0,2087.7700000000004,1406.02,1625.45,1700.57,8.422693923920265,8.74571577808442,7.852690490308984,12.05266544386157,0.8297092711559295,0.8195734603027542,0.7814751752881246,1.2231136673886045,0.12722619711581995,0.1292764054122184,0.12035637618861728,0.011519438136994964,70.2376498590343,50.628740051574034,119.80003322476196,20.62895947845083,47.08666193428907,44.659711207037276,51.01720732669271,15.254206758140768,-52.116923600748684,23.849098811357333,-108.39415351964017,13.88751760911427,1.4916086215584536,1.4599278805535212,1.4714627559230582,1.3411271751540856,0.7141176070570284,0.6549600402016806,0.7616492234895667,0.5102486858690897,-0.1761206900782235,0.0026734069508435807,-0.6199571835458998,0.09427267074767863,2.2410934665334667,1.4026927272727274,2.001808631368631,1.652421918081918,-0.0003069538869538869,6.661206661206666e-06,-0.0007534707334707332,9.63925563925564e-05,36
141,161.3563,11450.0771,732.2455,5255.85,0.13863396578667997,-0.22407294895327245,0.02717989098740281,-0.1322089712859582,0.719048881371039,-0.0397339266205149,1.020935637457929,-0.24661539093407242,0.33751,3.3604499999999997,0.7514299999999999,2.25814,0.21781482938496174,0.3968033486501846,0.40938790297223,0.39579507374397677,0.6453581505287599,0.1180804203753023,0.5448117628684376,0.17527481632847244,0.3,3.3699999999999997,0.59,2.2800000000000002,0.0,2.2600000000000002,0.04,1.19,1.21,4.65,1.95,3.4,6.006006006006006e-05,-0.00028028028028028053,0.00026026026026026023,-0.0006806806806806804,0.05473473473473473,0.10924924924924927,0.047027027027027025,0.09549549549549549,68.0,83.0,68.0,82.0,337.51,3360.45,751.43,2258.14,10.31261880230343,11.176586598788669,4.877030050426209,9.982310329570664,0.9628193511952973,1.1467673305551567,0.37986770004036335,0.9766815904916449,0.0926776661451747,0.019294332998923913,0.3827270828786924,0.04271629080327166,83.66082805689966,35.12191772692842,220.27228780617008,167.50579893944538,-25.105885542216654,33.01379737671808,14.978367437931137,3.117634964019761,79.80494134016543,11.984919173116328,219.76243829248563,-167.47678355692477,1.3379497413591706,1.358235797582757,1.4873613841469142,1.5083364610163443,0.7104512720312819,0.5669393266384931,0.9110216060948708,0.645732787009276,0.411779177250141,0.11822527890952178,0.6635603532799073,-0.5295730321315206,0.18231484515484514,3.2792769230769228,0.2813824775224774,2.620819140859141,0.0003107010107010107,0.0001625086625086625,0.0009410360810360811,-0.0007260843660843662,31
142,1977.1043,2816.0095,3219.0018,1251.1357,0.08100871925145503,0.16473816730384838,-0.20042424870645847,0.37068350937247274,0.0017096768695374909,0.3901671102417166,-0.045898999159838215,0.17095441851787296,1.33281,1.63009,1.76048,1.06629,0.448019869983464,0.3985173671246964,0.34599417567352203,0.33787769369995413,0.336146840122346,0.24447568362771158,0.19653399963278312,0.31687223335110914,1.33,1.59,1.75,1.08,0.0,0.6699999999999999,0.71,0.19,2.7,3.5700000000000003,2.83,2.74,0.00047047047047047043,-0.0021521521521521525,0.0003303303303303302,-0.001851851851851852,0.12255255255255254,0.09652652652652653,0.08525525525525525,0.07574574574574575,72.0,76.0,73.0,74.0,1332.81,1630.0900000000001,1760.48,1066.29,11.385021017602325,9.7667910670589,10.172637367205095,9.204133442258708,0.9715385791451895,1.0255902779941792,0.8898251198774078,0.9193787425627317,0.07033974576603264,0.022076657759540375,0.06769166278182048,0.08787507135743411,32.84197667048497,137.1989012534227,8.20807362476795,120.4430523113843,26.72050530308459,85.7442847253118,-7.199655380670056,100.15219661262645,19.09476441259506,-107.10488383865177,-3.9417553233553146,-66.90341070340635,1.704466679252704,1.3962843797271882,1.7943297042198503,1.457587227484543,0.3588437751622071,0.6284278275807889,0.4034283809694495,0.6257822194094634,0.24488860275913565,-0.42834830978409805,0.07768853089004096,-0.3716803314873617,1.142968051948052,1.925462897102897,1.7139693906093907,1.2835878521478523,0.00038006396006396,-0.0005913371313371312,9.311433311433312e-05,-0.00043503073503073527,22
144,6226.093,2610.9651999999996,2413.3684999999996,4756.8207,1.7744293364302552,0.15463091357019465,0.21031510392538033,-0.004912027759368609,-0.7230552404619978,0.3857062737909978,0.46446246167057315,0.08506816593690147,2.47832,1.56146,1.50969,2.16183,0.289867172339332,0.4157016579230831,0.36633946538695505,0.28863775064949493,0.11696115608126957,0.26622626127027466,0.24265873483096204,0.1335154709896222,2.5,1.5499999999999998,1.49,2.17,1.17,0.7,0.76,1.3399999999999999,3.23,2.9800000000000004,2.74,3.19,-0.0004504504504504506,0.00022022022022022018,-0.0009409409409409409,0.0005905905905905904,0.07884884884884887,0.11883883883883883,0.06504504504504506,0.08457457457457457,81.0,78.0,69.0,70.0,2478.32,1561.46,1509.69,2161.83,10.876570360024216,11.332207243014167,7.266051625218104,11.75636827996379,1.1119640993441908,1.0617599526709594,0.7101363498935095,1.1984194382093807,0.015686630425522097,0.04677810702556684,0.1304217954215261,0.012909901089259712,65.04071694060974,17.858296685257194,141.55494526346348,30.15665032917062,0.05245367613445162,-7.64473199904338,66.86816924324924,-29.42352805278327,-65.04069578933161,16.139294692193655,-124.76558207533964,6.609051066752512,1.4714557024322372,1.5298040509968662,1.6349936058636154,1.4003645739943942,0.532686576073522,0.439173604285199,0.7460371980037848,0.4763047679702944,-0.4338933646698796,0.07262088294423226,-0.6315085031002003,0.16157670524971243,2.6959447952047952,1.509224035964036,1.9099933666333666,2.081132847152847,-0.0004356852756852758,0.00010457650457650463,-0.0008014081414081415,0.00016155586155586159,40
146,784.0880999999999,13638.6522,2306.2958,4604.0515000000005,1.8051885033105477,0.38087572731603014,7.967681586859339,2.8222618047499117,0.18587664864712194,0.14141373319681377,2.6048777864807495,0.4681777758297655,0.8573299999999999,3.6722799999999998,1.34128,2.12101,0.2215251026407617,0.3911672297112835,0.7122245162868237,0.3246044976583042,0.25838953803175174,0.1065189009855685,0.5310036057249968,0.15304241736639818,0.85,3.665,1.1300000000000001,2.12,0.06,2.4299999999999997,0.11,1.03,1.8,4.98,4.91,3.6,0.0003503503503503503,0.00047047047047047065,0.0018618618618618616,-0.0003303303303303304,0.06311311311311311,0.1256756756756757,0.05523523523523524,0.07072072072072072,65.0,80.0,74.0,78.0,857.3299999999999,3672.2799999999997,1341.28,2121.01,11.704219529004973,12.967963377789344,3.1959990492600556,9.012058367811795,1.0282413228768168,1.2305321235023152,0.2997517177145465,0.8705171179637068,0.09264760407546913,0.022357102045148736,0.4702099702630438,0.11660233764420358,19.87217743200527,64.10928529430377,268.51198105095705,66.73817276759249,2.703822065065679,3.373474481130862,218.01309044419475,-19.48480373933203,19.687376212425146,-64.0204664999529,156.74494046979913,-63.830448279772696,1.5041254621072713,1.3814431108164182,1.6164973112246972,1.4339956406612338,0.46086651919701926,0.42256468751128806,0.9421954478587301,0.7047996060667292,0.2935502725259464,-0.3949877124796546,0.6264380333978781,-0.540930331426409,0.7448094705294704,3.9396251948051946,0.5692727672327673,2.424834085914086,0.00022526632526632528,-0.0005352256152256153,0.0015455600255600255,-0.0006082564282564282,27
147,1147.6208000000001,15690.5467,730.8694,4376.1494,-0.29614876541374047,-0.16783700923263867,-0.17052806954501154,-1.0358165630040284,0.32851334761763806,-0.023452994689797314,0.7740034043297815,-0.2718531588411402,1.0281,3.93921,0.79992,2.0342000000000002,0.30105014532466184,0.4161385296989453,0.3016577424830995,0.48803663796891317,0.2928218513030462,0.10564009781122238,0.3771098890927837,0.23991575949705687,1.01,3.94,0.73,2.13,0.34,2.73,0.18,1.04,2.1399999999999997,5.11,1.69,3.01,0.0003803803803803804,0.00011011011011011043,0.000990990990990991,0.00043043043043043016,0.09741741741741741,0.14445445445445446,0.060130130130130126,0.10029029029029028,82.0,83.0,68.0,85.0,1028.1,3939.21,799.92,2034.2,13.221473836098806,13.788521752199435,8.447176509308887,8.24689253932127,1.144368401431145,1.2879047742336966,0.7098842332603714,0.8711077941291537,0.034827626738580086,0.017086885370407146,0.2251847006176808,0.07336767884258322,93.87347224405542,126.44539573176598,112.52607686779618,186.09600015816812,41.98140927548736,80.05352183987392,89.99185601613783,-33.38807091848015,83.96302797302792,97.87681923109133,67.55430279432903,183.0763720287559,1.2649767552840083,1.3363636166336827,1.4586994737915369,1.3732530576846886,0.5177862596129639,0.4270977830197877,0.7365090464077825,0.7848848290090016,0.5004701203751996,0.3753765146478952,0.5522828707238445,0.7432259946143004,0.7673986213786212,3.668919140859141,0.511648051948052,1.4065758441558445,0.0005219246819246822,0.0005411228411228412,0.000577121017121017,0.0012565048165048163,16
148,90.9139,15771.3808,18.528,8945.1352,2.58170153884333,-0.5382738727634462,0.6203658768508928,-0.3598063734184165,1.3004362803853213,0.7188707244973257,1.2372324471536431,0.15171212528677477,0.24147000000000002,3.77156,0.08454,2.95662,0.18057170071747122,1.2436703608271769,0.10668171539678203,0.451146734001256,0.7478018002959838,0.3297495892487928,1.261908154681595,0.15258867693557374,0.21,3.42,0.03,2.9299999999999997,0.0,1.7599999999999998,0.0,1.79,1.08,7.1899999999999995,0.45,4.22,0.0008508508508508508,-0.0013413413413413421,-0.0004104104104104104,-0.0011811811811811809,0.04807807807807809,0.18076076076076078,0.02049049049049049,0.09857857857857857,64.0,65.0,43.0,63.0,241.47000000000003,3771.56,84.54,2956.62,11.556848097694235,6.238486705057371,10.279894677857845,8.714320862530176,0.8852917507560967,0.5616364532869321,0.18781721035389792,0.8126723586520216,0.051274455007969344,0.30382766724105625,0.2275197149375412,0.09129458646202071,50.78843629702254,367.07429574988186,21.27569608936375,83.37961804512607,16.778898759343626,-211.13687111868913,-21.07429509472548,-68.87057387025135,-47.93676895578605,300.2744748633852,2.9205017287098993,47.00005063968936,1.4741854924712983,1.6287269631492103,1.5005159637838978,1.5888569690365735,0.467942263922968,0.7654621995116305,0.5614853480709838,0.5857755402117748,-0.23577809744432163,0.2212352455079951,-0.09289187309698414,0.11303946694000136,0.31513810189810193,3.2954734265734267,0.10168723276723278,2.868378221778222,-0.0001474836874836875,0.0009531262731262731,-3.432879432879435e-05,0.00017666021666021663,34
151,3049.4593999999997,16888.016,2872.5207,5494.8952,1.010187500965713,-0.3834321069294,1.638178911375554,-0.3413543960115857,-0.70843187173081,-0.3087945871471925,0.2397773582884569,-0.19559576495854492,1.7130999999999998,4.07416,1.61517,2.31604,0.33874443168855184,0.5378069304127644,0.5135626262686956,0.3617373610784487,0.19773768705186612,0.13200437155456937,0.3179619645416245,0.156187872868538,1.73,4.12,1.56,2.35,0.46,2.37,0.060000000000000005,1.27,2.6,5.4,3.5300000000000002,3.28,0.0004504504504504505,-0.0010510510510510504,0.001001001001001001,-0.0015015015015015013,0.08681681681681683,0.1083783783783784,0.06948948948948949,0.08082082082082083,79.0,82.0,66.0,80.0,1713.1,4074.16,1615.17,2316.04,10.325059137710166,8.049584466254089,5.742438034342266,8.885244990367342,1.023291106941369,0.8661534456459667,0.5177983640720062,0.9198610677986806,0.058526950668687405,0.09290846326224056,0.3794633222812642,0.04375058671975918,72.67692580694107,258.369893184473,155.66688271441112,144.92615255546323,-66.18836659859952,-10.750530802879124,6.016699754561877,-12.99252914805103,30.017256232990583,258.14613650336184,-155.5505631557973,144.3425920539965,1.3956428546400765,1.358788153918726,1.6269638096877936,1.301008137303017,0.635218206615434,0.8033280279153981,0.8296499861140897,0.7630323775949829,0.30227286082334387,0.5132352085959232,-0.1704395762317709,0.33237928167732694,1.5359269530469528,3.5965546653346654,1.7666272927072928,2.1079967432567432,0.00035470079470079465,0.0009561668361668362,-0.0003032178032178033,0.0004165030165030164,37
153,5423.310100000001,8471.087,21141.5851,359.6106,1.400173984057934,-0.41234712913242877,-0.6589548469911679,-0.001246287885500852,-0.3186163370611045,0.1949145409708212,-0.25888539708277275,0.6832830014864314,2.30053,2.8664,4.536790000000001,0.50422,0.3617621029074217,0.5048148571506191,0.7477443385944157,0.3246117551783977,0.15725163458308378,0.1761145887352146,0.16481793042975662,0.6437899234032718,2.335,2.86,4.58,0.45999999999999996,0.89,1.67,2.48,0.0,3.8200000000000003,4.54,6.04,1.75,0.00047047047047047043,9.009009009008994e-05,0.0012812812812812815,0.00041041041041041035,0.09034034034034034,0.14957957957957957,0.07651651651651653,0.07808808808808809,78.0,78.0,70.0,81.0,2300.53,2866.4,4536.790000000001,504.22,10.126544573385013,11.960075301300822,4.1147540362574055,9.93736879298575,0.9614788522128517,1.1522712827305441,0.45796218622080626,0.9512478936842752,0.03904941405214313,0.026831316884970313,0.36067713814839486,0.08785235310371764,93.37169142321066,142.98943436456256,386.34404222946745,115.2268918235514,-62.29823520560774,76.14656842973835,-22.135072924340943,115.11017365465798,69.55000107475232,-121.02759378039671,385.70942108384986,-5.185028496632992,1.3863702253729968,1.3291426761420368,1.5393876548014662,1.339923578784226,0.6362348566208935,0.5524253213164458,0.92857003716555,0.6676517889852559,0.1484101017689552,-0.14847788707571172,0.557631766711458,0.06205845535982683,2.2076306093906095,2.9960941058941057,3.815305554445555,0.4693628771228771,0.00018598476598476592,-0.0002596478596478596,0.0014444133044133045,6.978402978402982e-05,22
154,11.7437,4823.1062,225.2662,3152.9659,7.237174419888921,-1.5964713190084778,-0.358616385802796,-1.2018117853791066,2.575359823057133,0.011614261497656004,0.6238935551578096,0.12565372903994815,0.04955,1.95402,0.37306,1.6626299999999998,0.09637685147378491,1.0024530111681045,0.2934151263994411,0.6233998581167628,1.945042411176285,0.5130208550414552,0.7865092113854102,0.3749480390205655,0.0,1.88,0.33,1.6800000000000002,0.0,0.33999999999999997,0.0,0.36,0.62,3.77,1.28,3.1399999999999997,0.0,-0.0004304304304304306,0.00023023023023023022,-0.0003103103103103104,0.019959959959959958,0.11134134134134134,0.043993993993994,0.07216216216216216,31.0,77.0,68.0,85.0,49.55,1954.02,373.06,1662.6299999999999,14.165337273283775,4.486183352435859,6.394329347817893,4.6401962804031704,0.13429116864969945,0.4490859788080431,0.5538282562785034,0.46414912820040144,0.18840907972717202,0.4613760306432546,0.18583174150140014,0.3676984442123299,18.250796495365314,613.7607294186724,142.3557672441587,405.3166073801127,5.376579770475222,567.6737623052818,124.47702561340446,400.2919460456174,17.440870468154834,233.34252198582942,69.06978038268934,63.62318876900932,1.3695695005587527,1.4173852618520169,1.6035244289123542,1.2748087900403235,0.4596619996044415,0.9280507866274857,0.8088590651164392,0.9392067455528466,0.2701824698858424,0.22706366403371128,0.36099184477782187,-0.0033378260373032632,0.0044936263736263735,1.5601635164835166,0.18978373626373626,1.6662304495504494,9.020295020295019e-05,0.0007885014685014682,0.00036691944691944693,-7.2081072081072805e-06,23
155,2029.1631,10165.2431,2986.455,10689.395400000001,0.34518281932532746,-1.042857259869522,-0.0217852374651315,-0.028460895180189016,0.7992218460617082,-0.18947562890586575,0.4219456261404317,-0.5047999415822674,1.3095100000000002,3.02841,1.67688,3.23116,0.5606662642784922,0.9969834361211825,0.4177660417027693,0.49899945330631373,0.4281496623000146,0.3292101915266369,0.2491329383752978,0.15443353263419754,1.185,3.16,1.6600000000000001,3.29,0.13,0.5700000000000001,0.77,1.23,3.27,5.1,3.21,4.359999999999999,-0.0005705705705705705,-0.00018018018018018035,0.0004004004004004005,0.0,0.12385385385385385,0.15761761761761758,0.08696696696696696,0.11817817817817818,65.0,72.0,73.0,77.0,1309.5100000000002,3028.41,1676.8799999999999,3231.16,8.929208590513953,6.379022599560315,8.313220993154296,9.647389248359028,0.8375705797658591,0.6742803413536228,0.8157626025455137,0.9890515845634023,0.07401933470383337,0.16321885852874818,0.12178485067197009,0.027353868714724783,142.76160230990283,175.10041815044852,161.5162994900938,88.10100574757651,69.54876941552509,-43.649585609346495,89.55461832114895,-13.700763254667411,-124.67495244385287,169.57261014855627,-134.4153463646432,87.02916924786805,1.5918537158121502,1.5368114914059134,1.5345068703017226,1.5129086786719257,0.6379069395621465,0.8408281220430001,0.6925350216423808,0.6480078153398418,-0.3965384293200384,0.41998727552295084,-0.3624262395578658,0.36116163219806513,1.6942045554445557,2.30388995004995,1.9388666133866135,2.9193227372627373,-0.0007701592701592701,0.0014504905904905905,-0.0005244977244977246,0.0006242988242988244,35
157,1621.274,10097.518100000001,5593.5728,1498.2112,-1.1754991660654999,-0.4348742674629822,-0.7957374643691129,0.877470880190554,0.06079046460887543,-0.1491947604010695,0.2195175587574911,-0.2547198299317188,1.06628,3.1151500000000003,2.2063,1.1943,0.6959317219382948,0.6271830494361276,0.8519466591283752,0.2680647496408284,0.6526725831285355,0.2013331779966061,0.3861427091186036,0.22445344523221,1.1,3.11,2.1100000000000003,1.21,0.0,1.31,0.56,0.32,2.56,4.609999999999999,4.46,2.23,0.0004004004004004004,-0.0005805805805805802,0.0008708708708708708,-0.0009209209209209209,0.14928928928928928,0.14554554554554558,0.170980980980981,0.07925925925925927,68.0,83.0,61.0,80.0,1066.28,3115.15,2206.3,1194.3,9.16927754580687,9.296776115011784,8.436082846433742,11.993472548579035,0.6500208090989934,0.9458383645990478,0.6631051321098389,1.0807865047155092,0.1640219717059468,0.06728701159976502,0.1802416188170639,0.018189909756619826,74.5798451616102,117.49579988387939,96.00175528811117,33.440118649663575,-19.648221680314034,-113.29329758292991,63.89488585317311,-26.05345080581696,-71.94512276124762,-31.143084515479806,-71.65040530386662,-20.963283054246375,1.9616347175969608,1.5186507469206367,2.067709315464753,1.43048874138181,0.4935160685650206,0.6689055587784011,0.49283020482826745,0.46390847921388867,-0.22192073375262167,-0.03951501558675445,-0.2183737514085494,-0.09984093657004976,1.3335134665334665,3.1580327672327675,2.5282134865134864,1.2406099900099898,-0.000535001935001935,-8.585138585138593e-05,-0.0006444714444714444,-9.271269271269268e-05,34
158,8730.3285,7524.859,3810.6993,4631.3602,-0.3971451547677405,0.14363289495599973,-0.31267060265036317,-0.10832156877077503,-0.2977590656363169,0.060369801338469926,-0.009899470479406274,0.32277131579833745,2.90987,2.70146,1.9170100000000003,2.12044,0.5128207124327175,0.47641669618097976,0.36847246830665653,0.3675519098032277,0.17623492198370289,0.17635526573814891,0.1922120741710562,0.17333756663863525,2.965,2.71,1.93,2.06,1.37,1.41,0.9500000000000001,1.06,4.09,4.5,2.89,3.13,-0.00032032032032032015,-0.0014714714714714713,3.0030030030030056e-05,-0.001081081081081081,0.10364364364364363,0.134024024024024,0.06999999999999998,0.09115115115115113,66.0,86.0,70.0,79.0,2909.8700000000003,2701.46,1917.0100000000002,2120.44,8.377420060186866,11.306262791261569,7.691472822423432,10.044594998080695,0.7695564471064755,1.1025665618512133,0.7547050735593787,0.9655475289542266,0.14532349310915826,0.026534086326297057,0.0728332612144138,0.04109491115556896,87.02514813156982,133.3932863946908,149.54355945895625,119.95561451193933,-35.86484041166809,-78.22107656461121,-56.5814174072429,-92.39220015595149,79.29116993440852,-108.05198765524506,-138.42622359886056,-76.50510311920107,1.568261314864678,1.3689049653051995,1.5518595678318,1.4350447732450184,0.6452005704794995,0.5543065139286752,0.7597451092849717,0.6183020853629506,-0.10972337226968247,-0.3079478496241699,-0.20779399474163687,-0.20584913665450835,3.007232347652348,2.955317782217782,2.049494285714286,2.2513564035964033,-0.00019491961491961487,-0.0005082237882237882,-0.0002652338052338053,-0.0002620949020949021,32
159,4877.318799999999,5794.1986,3461.7487,3924.8638,-0.14268463699850686,0.874740625164248,-0.15963173913727857,1.820612804236831,0.17462405834921255,-0.4896534111689209,0.2099917811387869,-0.9188244170989482,2.18676,2.32432,1.80269,1.92344,0.30886809870881776,0.6258874799834232,0.4604969749086307,0.4745970568808871,0.14124462616328165,0.2692776726024915,0.25544989704754045,0.24674388433269928,2.19,2.38,1.79,1.97,1.44,0.37,0.64,0.29,3.2,4.16,3.29,3.3200000000000003,-9.009009009008994e-05,-0.001131131131131131,0.0013313313313313313,-0.000970970970970971,0.08649649649649649,0.1128828828828829,0.07364364364364363,0.0853153153153153,70.0,69.0,62.0,72.0,2186.76,2324.32,1802.6899999999998,1923.44,11.316192976802158,7.262756346912665,6.65977481579851,7.123732011028961,1.086472534117499,0.7439385339203667,0.6417276802040873,0.7741222312789229,0.03459222318601096,0.1564504526977375,0.18156766508789168,0.09428005727671795,40.68649131046084,271.76914727846906,46.50505963194561,171.19360812860475,14.286647141556996,-262.87774116853177,2.724424045913147,-168.60181595216181,-38.09569908282097,68.94753520320086,46.42518804473352,29.67623833513347,1.30416319544126,1.4401293255998888,1.6729875152452627,1.4382383177374989,0.5782299232069545,0.7791963188289427,0.7336170735936072,0.7933788207937963,-0.20582207710371106,-0.09536520256804153,0.3024378802606504,-0.19565612064082574,2.2967596603396605,2.427599120879121,1.5617053946053945,2.0841137062937065,-0.00022021954021954023,-0.0002067650067650068,0.0004824516624516624,-0.0003216690816690817,33
160,3811.0833,28706.482799999998,3541.7869,11190.0318,0.20230138546443355,-0.9493907215564543,0.8050159213386547,-0.7533131093241239,0.25390320419400303,-0.34707931142314824,0.8857177618074492,0.380052608205388,1.94039,5.23966,1.85703,3.3011999999999997,0.214406035129611,1.1191272869517568,0.30533011495756524,0.5404723489689366,0.11049636162297838,0.21358776847195368,0.16441851502537128,0.163719965154773,1.935,5.4399999999999995,1.8099999999999998,3.23,1.33,2.67,1.12,2.1799999999999997,2.77,7.43,2.94,4.67,-2.2226687179682813e-19,0.0003303303303303304,0.0011011011011011012,-8.008008008007971e-05,0.07243243243243241,0.17532532532532533,0.07135135135135134,0.09645645645645645,84.0,80.0,75.0,86.0,1940.39,5239.66,1857.03,3301.2,13.490309835761407,6.275385561863738,9.348111549824019,7.061931574882842,1.1886567416253528,0.6844699615773436,0.8946851005716764,0.8033763831926007,0.03570503956484483,0.19950409602659658,0.1162145202424254,0.11244092063595801,62.540177039578225,500.1948627018481,72.85918868855403,201.66202707362325,49.92946094642125,-376.614836683607,72.39756926530845,-196.532904055231,37.66062497810655,329.1749769698492,-8.188610433351075,45.19281787032232,1.3389458307333453,1.4117839260941754,1.439769351848955,1.2931536298707866,0.49736139086701336,0.869612744392103,0.7056308058443757,0.8655376115950933,0.19752402717543915,0.4503053375995796,0.1937082908593927,0.13000224002447736,1.8671103696303697,4.367667172827173,1.7546902897102896,3.1796232167832166,0.00014670596670596673,0.0017457313857313851,0.00020488430488430485,0.00024339696339696347,29
161,5723.1327,4343.4264,10843.1453,3549.1611000000003,-0.20374529086286453,-0.021641101571365784,-1.3013465097376267,-0.6277182476820817,0.2548898738741692,0.44749412276059236,0.26905667810575623,0.3648731578055493,2.3555699999999997,2.04426,3.12735,1.82923,0.4176394079825322,0.40549655041689314,1.0309351470873422,0.45064254914510676,0.1772986614630566,0.19835859940364392,0.329651349253311,0.24635641726032637,2.32,2.01,2.83,1.78,1.35,1.21,0.96,0.86,3.6399999999999997,3.5700000000000003,5.28,3.19,0.00028028028028028053,0.0003803803803803803,0.0008808808808808809,-0.00012012012012012023,0.09849849849849851,0.10106106106106105,0.11491491491491493,0.06476476476476478,71.0,78.0,58.0,72.0,2355.5699999999997,2044.2599999999998,3127.35,1829.23,9.798843429395092,10.09414407912801,5.027110417412697,5.691861834988636,0.8016080049508582,0.9067299736755638,0.39761764895458546,0.5954363356476035,0.12399482398869033,0.08716080680873883,0.35165737629019045,0.20602110219490388,51.67949616147566,108.9856591685915,417.672814664211,197.28947495808274,-17.316592462132117,97.14349207081038,-416.8650850251745,136.60646486820852,-48.69194952971596,49.40663773928351,-25.963069858520186,142.34398717700327,1.7374947682942494,1.515512523308388,2.028703076040888,1.503199192530195,0.49153202978920396,0.5574926975023153,0.801096833176257,0.8691807693207894,-0.19148019307254344,0.1927009521437979,-0.0758747679477909,0.4686576541902911,2.4939430969030965,1.9090535664335664,3.262699000999001,1.4637915484515482,-0.00027702321702321705,0.0002706835506835507,-0.00027096897096897093,0.0007316085116085118,30
162,518.6463,12270.2372,6057.617899999999,4872.270700000001,2.478950519074012,-0.13741500127245665,-0.6999102311484271,-0.024999684394451105,1.2197751783805655,0.050238605540627666,0.4361964188187096,0.5028368997381719,0.66633,3.47756,2.30587,2.18295,0.27322267676750406,0.4204921478458307,0.860570417281468,0.32710854085456104,0.4100410858996354,0.12091585705087209,0.3732085578464822,0.14984701475277082,0.63,3.48,2.27,2.135,0.09,2.3400000000000003,0.77,1.5,2.01,4.640000000000001,4.62,3.25,0.00025025025025025025,-0.0006306306306306305,0.001981981981981982,-0.0016516516516516516,0.06883883883883883,0.12443443443443443,0.07847847847847847,0.07438438438438437,75.0,78.0,59.0,76.0,666.3299999999999,3477.56,2305.87,2182.95,10.443501662071396,11.822976056429802,3.797548069752627,9.085111681478429,0.9139892348858759,1.1122475278357447,0.3526916645246294,0.9566628338993388,0.048919333607668314,0.022124258504133465,0.38775280598725637,0.07194177278815683,55.12736827999566,23.390643347358814,325.8943696915973,114.87531820370579,-15.666504999545065,-15.833497925899895,-29.440957316608607,19.082328212164683,52.85439768436966,-17.21692596353556,324.5618126473987,-113.27931621618256,1.4908196078904508,1.4062493248912056,1.7926639340180408,1.3465401478104693,0.5818822574457929,0.5101765738691781,0.9064034124888523,0.7148480276681017,0.19648095949382596,0.12259175787272263,0.675783149927475,-0.5024615309323399,0.5734411588411588,3.388363976023976,1.2995870729270729,2.4673443956043957,0.000185963645963646,0.00017857061857061852,0.0020145804345804348,-0.0005693581493581493,29
166,1612.1413,6508.089400000001,1545.7645,1696.9177,-0.14636522368960936,0.4683812765003452,0.5919836075978706,0.6948434644544559,0.45015266223132305,0.34599926722707763,0.9458604694044546,0.3913721226893293,1.22239,2.4933199999999998,1.17803,1.23227,0.3433715012926961,0.5398562564238744,0.39750448940861033,0.4224077971581491,0.2809017590889128,0.21652104680661705,0.33743155047716133,0.34278834764958094,1.18,2.45,1.0999999999999999,1.2149999999999999,0.38,0.96,0.55,0.16,2.23,4.97,2.55,2.54,-0.0005105105105105106,-0.0005805805805805806,0.00027027027027027017,-0.000750750750750751,0.07768768768768769,0.11881881881881881,0.042952952952952955,0.07654654654654655,77.0,73.0,56.0,70.0,1222.39,2493.3199999999997,1178.03,1232.27,8.929077853065044,8.979498788256585,4.611962394183558,7.19461708766856,0.957009157705588,0.924154160691332,0.44293064808922905,0.7587478795306397,0.06678252760400216,0.09178612945850162,0.3047902512691758,0.18133604358277822,123.65629246302348,201.45034404301686,160.20936289015825,157.82002112967461,-114.63653739573124,14.255549592637257,-124.68868666039761,63.38363110806456,46.36100688744705,-200.9453169916177,100.59707439371982,-144.53260662192366,1.447760855811777,1.464099833541269,1.5672990783432168,1.4361904283739588,0.7047885770350094,0.692882046543108,0.8982806932706856,0.8037823876122694,0.07672319286181097,-0.6472472313966762,0.4657665286337172,-0.6406591211908514,1.1768054945054947,3.0979290909090906,0.8576712087912086,1.7005280719280718,9.126027126027125e-05,-0.0012104286104286106,0.0006413589413589414,-0.0009374535974535974,23
170,5733.6345,30804.675199999998,1742.6273999999999,13671.1872,0.7961168125293612,0.3559112634859365,0.5457984717142459,0.6310838719054797,-0.5445568741254005,0.2987118210570526,0.853055841248283,0.5653612251769701,2.37587,5.53502,1.28618,3.69088,0.2981211886129532,0.4101570426068532,0.2972682418288237,0.22043598980202847,0.12547874614896995,0.07410217896355445,0.23112491395358636,0.059724507380903326,2.41,5.52,1.23,3.6799999999999997,1.33,4.119999999999999,0.72,3.17,3.29,7.14,2.27,4.52,0.00023023023023023022,0.0009409409409409404,0.00014014014014014016,0.0008308308308308308,0.08151151151151152,0.14280280280280283,0.07007007007007007,0.0742842842842843,69.0,88.0,65.0,85.0,2375.87,5535.02,1286.18,3690.88,11.074557473026701,14.221656026418286,10.281413375596614,13.48658108165719,1.0889702597087016,1.2177824619996263,0.8616549187281718,1.2140530823070492,0.03541480328661617,0.015696422418143285,0.07482659251079138,0.037613857778598714,100.63068216818247,113.15923750232412,65.87809951735929,37.06664221956917,-99.86061654385838,111.00188318507394,31.528860136135464,27.75632752841146,-12.425435892323193,21.990792652257888,57.84336586450604,-24.56668979673688,1.511084211367245,1.3288565183011998,1.6727632416040468,1.3626216679785554,0.48055615600409085,0.32390836829040454,0.5162697342703698,0.4056781312424537,-0.12731069363822553,0.17638524552004414,0.44932507365855284,-0.07065617061664503,2.4415425774225774,5.409838901098901,1.055061078921079,3.71783000999001,-0.0001314766314766315,0.00025061281061281065,0.0004627005427005426,-5.39539739539739e-05,30
172,2074.7992999999997,5503.4233,2822.1434,4556.9388,0.05720786569828373,0.040980191366821295,-0.3672256303011361,-0.22041513930645618,-0.04192284632565136,0.5388527768603373,0.5108544312184952,0.24892643483946303,1.4153900000000001,2.2928900000000003,1.66506,2.1171,0.26733957413746284,0.4960632498986394,0.22297667232246515,0.27354412806711825,0.18888050229086176,0.21634847284372097,0.1339150975475149,0.12920699450527526,1.42,2.21,1.63,2.09,0.66,0.84,1.17,1.42,2.3,4.109999999999999,2.3200000000000003,2.9,-4.0040040040039856e-05,0.0011711711711711711,-0.00012012012012012023,0.000520520520520521,0.08544544544544544,0.13216216216216217,0.06250250250250251,0.08166166166166167,84.0,81.0,72.0,79.0,1415.39,2292.8900000000003,1665.06,2117.1000000000004,12.946772955040466,10.901059496331728,11.607683530702735,11.978486426945349,1.203237678178965,1.0762253616035553,1.0071173634815629,1.1840825593127775,0.010130374040818957,0.031640187929746766,0.06415611913988695,0.017088284226497663,71.64076764034112,167.08000514730372,87.25392152129778,62.59442821046651,-59.795594503888225,-84.10644448840847,-74.19559068908512,58.78335927980702,-39.45740064961098,-144.36701186746683,-45.9158049384146,21.50765247014122,1.3294124965035259,1.3822037546169486,1.4089257235533288,1.3375798874220577,0.5659188840776875,0.6392731773761349,0.5301396597934636,0.5787968166265711,-0.03756972097676805,-0.3032615601496544,-0.2758047208970962,0.19204499552229393,1.432769110889111,2.5531939460539466,1.7714712287712289,2.0262014985014987,-3.479301479301473e-05,-0.0005211290211290211,-0.00021303549303549306,0.00018197898197898197,33
176,1773.8122,23494.9794,1216.6610999999998,12542.002400000001,-0.04191103748803293,0.11297676011449598,10.679482361773687,1.3446022163135685,0.008263429997401931,0.4326308069555993,2.462629484075605,-0.49686496783380785,1.3097,4.81086,1.07281,3.51904,0.24186382532325912,0.5921194646353047,0.2563977455049088,0.39794456699394704,0.18467116539914416,0.12307975385592279,0.23899641642500422,0.1130832746981981,1.31,4.775,1.04,3.56,0.57,3.44,0.53,2.17,1.96,7.01,2.7,4.75,0.00010010010010010008,0.0018118118118118124,0.00011011011011011009,0.000650650650650651,0.06944944944944945,0.14093093093093095,0.04051051051051051,0.07804804804804805,69.0,76.0,64.0,74.0,1309.7,4810.86,1072.81,3519.04,11.693564917143872,9.592138465757335,6.70367722196066,7.890266116137534,1.098480475578879,0.9490469344712148,0.5838551775245228,0.8480669480638898,0.05255729455320424,0.04649066845951566,0.26104668014375676,0.06569002067194418,32.01453498857537,162.29731928310818,55.15928751809799,113.74113904307346,-29.196913121364066,46.96159790399807,24.94043854648531,-21.55354533111102,13.13281061761857,-155.35452413362916,49.198795967108694,-111.68030889317737,1.536650402876301,1.5441653908798534,1.5920172538299564,1.43342033746169,0.4076760074752542,0.5888649721536879,0.7594674453253216,0.7629525329549544,-0.0345244730469338,-0.3916489697532327,0.38441826568656573,-0.3743893319171326,1.3241485514485516,5.212126273726273,0.9022628171828172,3.7768337462537462,-2.8926028926028934e-05,-0.0008033358833358832,0.0003414358014358015,-0.0005161035961035962,29
179,3201.2213,2728.6766,3842.809,2131.0276999999996,0.07536190248179064,0.2980856105626053,3.743704024290215,0.1222847129004907,0.03462958542565853,0.4091158700806999,1.3237250498701465,-0.09088190152576439,1.74557,1.57698,1.93502,1.42943,0.3926915775771108,0.49174249318113644,0.3138576103904444,0.2962390505993428,0.22496466917803973,0.3118254468548342,0.1621986389755374,0.20724278250725311,1.74,1.53,1.9100000000000001,1.4300000000000002,0.69,0.25,1.24,0.38,2.98,3.3,3.3499999999999996,2.32,0.0009509509509509509,-0.0002802802802802803,-0.00018018018018017988,-0.0006606606606606606,0.09002002002002003,0.1406006006006006,0.060480480480480485,0.09253253253253253,72.0,78.0,62.0,80.0,1745.5700000000002,1576.98,1935.02,1429.43,9.285821873701273,11.78700484575975,7.97507554718945,12.256267469576711,0.9218066362632181,1.013953300436759,0.7449006172588826,1.276992050843931,0.041265492517814195,0.029847356053201324,0.18850006179650425,0.004562926807404999,14.305860707737397,45.807926706506564,95.32048870123342,9.044505145988648,-14.152755302960022,-45.214770833097816,91.35988391288365,8.170547237315171,-2.08738303234499,-7.347832854598964,27.19130702387053,-3.878818270893414,1.5462305716312705,1.469643646470242,1.5734247702424886,1.3944155906249827,0.6305627824675838,0.4291436896245787,0.693063219933922,0.46635281329324685,-0.1087936589614912,-0.08995077024688183,0.05355637703625988,0.06518174991488103,1.8194933266733266,1.6535165634365634,1.9059349250749251,1.3960186013986013,-0.00014799464799464796,-0.00015322635322635324,5.822837822837824e-05,6.688968688968687e-05,31
180,3347.4223,4443.2085,5957.463599999999,1324.6699,0.013763095351273957,0.5901269276405716,0.48675619664023406,-0.4573175824573674,0.551101466527138,0.5495781351329373,1.1443285103541805,-0.18284587803590702,1.70175,2.0444299999999997,2.18014,1.0909699999999998,0.6719146058093989,0.5133366099354302,1.0974758222393786,0.36668018640226524,0.3948374354690165,0.2510903332153364,0.5033969480122279,0.3361047383541851,1.64,2.005,1.85,1.1099999999999999,0.17,0.62,0.66,0.01,3.58,3.8100000000000005,5.41,1.9100000000000001,0.000980980980980981,0.0005405405405405405,0.00048048048048048047,0.000890890890890891,0.08534534534534537,0.11703703703703705,0.05967967967967969,0.06615615615615617,75.0,79.0,62.0,79.0,1701.75,2044.4299999999998,2180.1400000000003,1090.9699999999998,5.538377851897235,9.168542703189734,2.297624012208914,7.279302241477724,0.4984818473514262,0.9328485437539502,0.21143080492767732,0.7569739909314728,0.3008735214088487,0.0824111646063459,0.367179490869594,0.09710350807360335,256.70842420237676,103.9822247574272,560.5555179526852,61.662414910910925,112.48607633036023,36.34956190904185,250.6827242956848,5.733217205509425,230.75115966830543,-97.4218271976298,501.3787594692229,-61.395306279224485,1.6794357148357997,1.3915247690113102,1.660315821683831,1.40715389382735,0.8566581264425931,0.7486052792230757,0.9726664711334474,0.802988504365237,0.43394839298340193,0.053039548788758474,0.6278308773295087,0.08456576922466758,1.1972298701298703,1.9973183416583413,0.9878992407592408,1.0373152247752246,0.00101005031005031,9.431763431763428e-05,0.002386868386868387,0.00010741696741696739,20
187,2361.6093,18840.2177,6651.2324,7099.1633,-0.11768016293467287,-0.2868352683682711,1.530913089636393,0.6994211029803794,-0.08850621347411078,0.03107203468000403,0.08584186393333973,0.2884225750537207,1.49149,4.32389,2.54152,2.6525700000000003,0.37022544469552604,0.3797274916305113,0.4380736120790659,0.251069104232281,0.2482252275882011,0.08782080294145117,0.1723667773926886,0.09465126433318667,1.5,4.305,2.5,2.63,0.42,3.22,1.05,1.9,2.66,5.42,3.8499999999999996,3.5,0.0008208208208208209,-0.00013013013013013004,0.0018118118118118118,-0.00010010010010009974,0.08784784784784784,0.12373373373373375,0.04985985985985986,0.06208208208208208,65.0,83.0,61.0,71.0,1491.49,4323.889999999999,2541.52,2652.57,9.649617998408358,13.095378780511966,4.585316247730808,9.937483138772189,0.9226821007304474,1.253321121025033,0.4933529289385252,0.925405596196065,0.043993393691949656,0.004562926807404999,0.36222744690311437,0.0609904845610405,4.781307535010599,72.60845042990312,115.3280391610448,69.31982477545957,3.476942472892878,71.46878009485215,-4.197567848256475,67.81895038284144,-3.2820379011435405,12.814076072248156,115.25162489479602,-14.346709583389096,1.6037614843226955,1.3475312063364586,1.5381955756533507,1.3643254360429173,0.53021840626696,0.4983915859134363,0.89388823868261,0.6920933948197696,0.07001906094477434,0.07994935681768851,0.6142567595359614,0.03108618541391155,1.4466352047952047,4.27135928071928,2.075908851148851,2.6390652347652352,8.979938979938981e-05,0.00010516660516660525,0.000932154452154452,2.7036567036567006e-05,36
189,3130.837,5312.7543000000005,2495.3817,2588.7962,-0.7143693480445066,-1.1868507921396878,0.030826914966242125,-1.4242261286268465,0.14850771190338422,-0.026076996799956637,0.3856699447121309,-0.0926652683546582,1.7065200000000003,2.20849,1.5420499999999997,1.48078,0.46757511653209255,0.6597925582332678,0.34272948151567,0.6293542655770278,0.27399334114577767,0.2987527940960873,0.22225575144494022,0.42501537404410367,1.71,2.31,1.52,1.615,0.8500000000000001,1.01,0.75,0.24,3.27,3.71,2.62,2.6799999999999997,0.00042042042042042034,0.002172172172172172,7.007007007007013e-05,0.0010610610610610608,0.09691691691691691,0.12457457457457458,0.0634934934934935,0.07515515515515515,78.0,79.0,66.0,76.0,1706.5200000000002,2208.49,1542.0499999999997,1480.78,9.181300615585771,7.745748245649256,7.721468451615503,4.82595535030566,0.7486593041762706,0.7177787938953603,0.7770099474709913,0.5246035276980794,0.11342815541112916,0.14195258295933755,0.14389697818534763,0.3530118736366088,204.32420636144042,333.7847032919183,106.62916902048582,369.8461429136788,63.47056825362061,-10.40743468624882,69.19746962176774,21.3865701546826,194.21603505064917,333.62241149977524,81.12638216969782,369.22727966002753,1.5748827608582106,1.338796366988468,1.4780522519328518,1.3506609050545002,0.6761706644614605,0.7920923823328905,0.736729712404109,0.9229698656331323,0.5881049923722825,0.7110274383529722,0.2624463266219857,0.8262353662387096,1.2307110689310692,1.3967440959040958,1.3864110489510486,0.581022877122877,0.0009525704325704324,0.001625116925116925,0.00031158949158949164,0.0018013155613155615,34
193,6108.277900000001,12311.5609,4305.941000000001,5207.9920999999995,0.2986103014974497,7.477755632866348,-0.14069760356787775,0.2537993679839481,0.10486001518906055,1.6174893585342711,0.21611631282585317,0.439638772207336,2.43245,3.48683,2.02676,2.25253,0.43756702058084773,0.39188959044608473,0.4451796293632493,0.3661976230124931,0.17988736483004697,0.11239136707154772,0.21965088582922956,0.16257169627596216,2.43,3.45,2.02,2.23,1.17,2.6300000000000003,0.89,1.4100000000000001,4.1,6.18,3.56,3.34,0.0009109109109109108,-7.007007007007035e-05,0.000980980980980981,-1.0010010010010242e-05,0.11758758758758758,0.1242142142142142,0.08816816816816818,0.09452452452452452,77.0,84.0,67.0,82.0,2432.45,3486.83,2026.7599999999998,2252.53,11.126297382902141,13.034542210556051,8.114715537468095,10.560087663024737,0.9787010170204018,1.1570433721039526,0.8041076061807457,1.0045459093875377,0.06603957653296622,0.02653828289456328,0.11739308537672688,0.03083072552343058,77.66242048720596,70.18714307014956,158.9138864958733,96.98507764706112,67.86476488715921,36.0482927826616,131.67089555988932,51.82792372391631,-37.760101201429414,60.22255092409446,-88.97414559117732,81.97543295813927,1.640737254853047,1.4503771695298147,1.7481210926821145,1.4245138930999686,0.44017821266348167,0.3479554840533874,0.6550732314217436,0.5994230154062864,-0.13825644335786227,0.3166495106384467,-0.17729628422518853,0.539823516525322,2.5371282117882115,3.272111788211788,2.163331868131868,1.9104768031968034,-0.0002095659895659896,0.0004298662898662898,-0.0002734171534171535,0.0006847911847911848,30
194,8298.566400000002,50395.230599999995,13075.1195,8977.9624,-0.6628355742541197,-0.6834354323327676,-1.2925745720814903,-1.0273813245149876,-0.3386092050529747,0.1694105249030233,0.32005647509382534,0.08894732786467671,2.7441,7.074020000000001,3.23929,2.9511999999999996,0.8766308173912208,0.5945348094098444,1.6068975685774125,0.5180549777774556,0.3194602300904562,0.08404483015454357,0.4960647452304093,0.17554045058872852,2.8,6.984999999999999,2.9349999999999996,2.96,0.63,5.59,0.78,1.85,4.62,8.72,6.38,4.15,-0.0008408408408408407,0.0012212212212212201,-0.0025125125125125126,0.0005105105105105103,0.09747747747747747,0.14476476476476477,0.0876976976976977,0.08197197197197195,65.0,80.0,53.0,73.0,2744.1,7074.02,3239.29,2951.2,4.7626580431707,9.775399958277188,2.355887782878917,6.2998402208314825,0.43091267080474055,0.9829327053600965,0.19159323050278965,0.66987890815515,0.32644621980443045,0.04080636402229665,0.3492768560987116,0.213057550747628,46.91318098321698,64.51094096689039,143.19642576497844,30.93648388303294,20.82027062958563,-26.70003198701413,0.05433600099561242,-30.864839148647064,-42.040015233999206,58.72622749952562,143.19641545605805,2.104219421377012,1.7169051223636789,1.4661617495975676,1.8546166983053531,1.5142139971706696,0.8869057718594059,0.6577296889189491,0.9582650152157624,0.8415688582768776,0.062359136783083614,0.04007700864085846,0.23309325734482628,-0.09477429557161714,2.6495104495504496,7.0327913686313694,2.5911866933066934,3.0361557442557436,0.00018936846936846923,8.253980253980247e-05,0.0012975041175041177,-0.00017008157008157004,24
196,7912.4183,427.2875,13196.5923,941.5499,0.051360539780594294,0.15287185749729115,-0.4261794718571301,-0.05847152389282728,0.03260740046966903,0.7398503786488756,0.5080418929107465,-0.3923991437287294,2.76709,0.56261,3.56597,0.9159700000000001,0.5055998733188132,0.33280247580208894,0.6931451933758179,0.3202325078751375,0.18271898395744743,0.5915331682730292,0.19437774108470288,0.34961025784156413,2.725,0.51,3.4400000000000004,0.9500000000000001,1.23,0.0,2.19,0.01,3.98,1.71,5.699999999999999,1.81,0.0008008008008008006,9.009009009008994e-05,0.001461461461461462,-0.0002302302302302301,0.10502502502502502,0.09316316316316316,0.08056056056056056,0.07116116116116117,81.0,83.0,59.0,64.0,2767.09,562.61,3565.9700000000003,915.97,8.400526289726546,11.530508932540084,4.7360102718115,8.923091317285671,0.788666978859378,1.0392247974167506,0.5082957667531393,0.9144637117762288,0.13516166687897968,0.06358891279308221,0.30464686457484014,0.08515515418065345,79.84661515645408,130.3023237993757,69.16801221615448,18.391819728141133,-52.27119337781336,108.61502723641615,34.14196497795125,-3.504367086052437,-60.358962008985245,-71.98243845515327,-60.15430276695463,-18.054873143797874,1.5523817990486264,1.3448561051907808,1.6533962047167217,1.4559164850202082,0.7288967181535038,0.6269898220365667,0.8709993170095593,0.6716700868786654,-0.027444221763555276,-0.3025284181706505,0.029988727988230525,-0.041681037625465954,2.7910995604395605,0.7368223976023976,3.5300026373626374,0.9390656543456544,-4.806718806718804e-05,-0.0003487735687735688,7.200673200673198e-05,-4.623754623754622e-05,28
199,947.0450000000001,11226.213800000001,745.444,3043.0325000000003,0.2307204730284309,-0.525468881092841,1.5519763700152311,0.10101481167548032,0.4611495695259268,-0.1221517837819731,1.2862726036434267,0.047608898985932284,0.8853599999999999,3.28364,0.78396,1.69265,0.4039587483889908,0.6662748309819304,0.36173293795284944,0.4218631027952077,0.45626496384407567,0.20290739270502564,0.46141759522532966,0.24923232965776015,0.855,3.3049999999999997,0.71,1.725,0.02,1.53,0.25,0.62,2.29,5.07,2.15,3.15,0.0007107107107107107,0.00011011011011010998,1.0010010010009964e-05,0.00037037037037037024,0.08119119119119118,0.13612612612612612,0.04763763763763764,0.06827827827827827,62.0,81.0,62.0,69.0,885.3599999999999,3283.6400000000003,783.96,1692.65,8.305552505045178,8.167598768433237,5.694070891252586,6.478322954260563,0.7582760296573672,0.8322065315973013,0.47092018885832765,0.6844682617744358,0.14909411191387623,0.06462702217214744,0.3258796329044369,0.18841644842800065,15.97978094433961,234.67888924839644,59.18400781981573,91.19948960709675,3.810908044139632,-214.74538610415794,26.76260761132306,-25.32769269072903,-15.51871060714102,-94.64988222833267,52.78740015816618,-87.61195630482713,1.6375362785947156,1.501165487281966,1.6682771359013224,1.4948048787695014,0.6449943957496194,0.699045858323713,0.8115512732839393,0.8149952014019819,-0.12256485995314953,-0.07040053876250668,0.09227121147976639,-0.1462372387101968,0.9710301098901098,3.3648025574425575,0.7262061938061938,1.799397042957043,-0.0001715117315117315,-0.0001624876024876025,0.0001156232356232356,-0.0002137077937077937,34
201,9102.0283,11477.4401,27613.5297,2410.4308,2.1056690873828665,0.09954794254039268,1.3504606217461785,-0.0019050807794385172,-1.0447880795423077,-0.470213088613888,-0.47220126403606005,-0.4040367200071169,2.98891,3.31623,5.23643,1.49732,0.41042089603235354,0.6928626754992652,0.4396937060045322,0.4104431965570876,0.13731457154359064,0.20893082672168853,0.0839682199522446,0.2741185561917877,3.04,3.3699999999999997,5.24,1.53,1.27,1.1400000000000001,3.6999999999999997,0.25,3.9,5.1,6.46,2.46,0.001231231231231231,0.002422422422422422,0.0018018018018018012,0.0012912912912912914,0.10397397397397398,0.15121121121121123,0.07793793793793795,0.07944944944944946,84.0,89.0,60.0,78.0,2988.9100000000003,3316.23,5236.43,1497.32,10.10428809025701,8.66196147096357,7.274452349667208,7.729044000683857,0.9672958335164042,0.947223122775664,0.7442802551951462,0.8008604927956654,0.06666817782350609,0.05431427263325972,0.1792053458450633,0.12990390344260838,128.4133513096872,322.8095614960383,35.41847937679933,193.72683263020525,-108.924877314584,-110.92781629940617,30.275487055817702,-77.2632385293879,-68.00999850454318,303.1518308773835,-18.381065390715907,177.65268827935722,1.4882349460778088,1.3661182888446706,1.5567966244970213,1.398295574349984,0.60735959456053,0.76683470382554,0.7046689515938128,0.7934018461566642,-0.1774543878382395,0.7382404151169676,0.15525341554204042,0.7532045126515712,3.114930889110889,2.4311728471528475,5.1183115484515485,0.9623957242757243,-0.0002522940722940724,0.0017718861918861913,0.0002364733764733765,0.0010709194709194708,37
203,179.02960000000002,29228.1287,483.907,10328.389200000001,7.28476796324459,0.2376539127745918,9.387978016572603,4.349988079537141,2.433746854467296,-0.21366285173121494,2.776129161786449,-1.307931215376433,0.31118000000000007,5.3977900000000005,0.557,3.204,0.28669950749870504,0.3033015263726841,0.4167229295347209,0.2505458041955602,0.9213301224330129,0.056189945583782264,0.7481560673872906,0.07819781654043702,0.24,5.41,0.45,3.21,0.0,4.42,0.03,1.97,1.7799999999999998,6.2700000000000005,2.8,3.8600000000000003,-4.0040040040040046e-05,0.000780780780780782,-0.00011011011011011009,0.00025025025025025025,0.06018018018018018,0.11239239239239236,0.05262262262262263,0.06645645645645647,77.0,91.0,61.0,90.0,311.18000000000006,5397.790000000001,557.0,3204.0,8.810151820977323,14.831884125487216,5.3158645549915615,10.63323877845508,0.751587320026843,1.2336406875602255,0.4766936639290299,0.9648379851121152,0.15972380721652524,0.02973049884939538,0.4560234276651842,0.04040317681966066,43.760213832154236,60.23393303756608,50.826965614161345,36.01344029359919,42.321674203658134,31.95388573056207,50.4970682152926,-1.2866181173509599,-11.127992057657156,-51.059532664255514,5.781568576366261,-35.99045006110285,1.533053317686377,1.389021726141537,1.688419281189387,1.4221798940974315,0.7070158007311542,0.2843579993197588,0.8490574178288742,0.583601483807048,0.22783363481900307,-0.27545587711070785,0.33853167513767174,-0.41644915945065125,0.1981558841158842,5.542351608391609,0.3128970429570429,3.3845408391608394,0.00022627450627450628,-0.00028941262941262945,0.0004886946086946088,-0.00036144312144312154,37
205,151.3276,7483.2326,1269.7871,5887.7027,3.7082709313952678,1.7094795171829973,7.414028687976877,0.7647184615909932,1.9597675708086875,1.3249408211815699,2.3422676931870927,0.6723632860835718,0.23562,2.64608,1.0341099999999999,2.4068099999999997,0.3095332221264787,0.6938971347397249,0.4476646154209644,0.3081693104447618,1.313696724074691,0.2622358865717306,0.43289844931483545,0.1280405642509221,0.12,2.49,0.95,2.38,0.0,1.37,0.39,1.6500000000000001,1.62,5.22,3.2699999999999996,3.4800000000000004,0.00033033033033033035,0.0005305305305305307,0.0007407407407407407,-0.0008108108108108109,0.042432432432432436,0.1493993993993994,0.0422022022022022,0.07674674674674675,60.0,86.0,65.0,77.0,235.62,2646.08,1034.11,2406.8099999999995,6.369995179929319,8.637598608185248,3.9145977329121044,9.867215277432155,0.2908306709574086,0.8596096270254697,0.41671772844673627,0.9757719675098896,0.26024496318061985,0.08400843688439785,0.4595545110550665,0.09897085258817206,91.08732601682345,211.1621766371428,61.6170921190831,76.0182150080198,-75.41392934241834,210.1241051692269,-46.47321178921685,50.84652121764721,-51.08463782813593,20.91232337564528,-40.458702737559065,56.51017866781946,1.468120192567362,1.464346463964337,1.5501580689271517,1.3761997079826274,0.856338506439541,0.6945144159708876,0.9217626412511852,0.6599642082654975,-0.05863644256237775,0.2836856753528328,0.1501139694634917,0.11805939497145915,0.26702517482517485,2.305468871128871,0.9178312887112885,2.343857022977023,-6.28732228732229e-05,0.0006819041619041618,0.00023279021279021283,0.0001260319860319861,22
209,1471.7977999999998,15705.846,3301.8404,3670.6998,-0.07197726541167704,0.16017256926006596,-0.3260052459110554,-0.36185748963489006,0.46237545774270505,0.23844317081577254,0.10388841542750536,-0.08667571699279504,1.16722,3.94692,1.78862,1.90376,0.3307495602415822,0.35730730974890507,0.3204354780607166,0.21540116619925717,0.28336522698512895,0.09052813579928275,0.17915235100844035,0.11314512659119699,1.1400000000000001,3.93,1.7999999999999998,1.9100000000000001,0.37,2.76,0.94,1.2,2.23,5.17,2.6100000000000003,2.49,-0.0004704704704704703,-0.0005805805805805806,0.00044044044044044063,-0.00013013013013013004,0.10065065065065065,0.13043043043043046,0.05761761761761761,0.08397397397397399,72.0,84.0,62.0,87.0,1167.22,3946.92,1788.6200000000001,1903.76,12.58769937864988,14.549100009301858,7.25157188821954,15.598594084389248,1.0661732209785086,1.2709571876583488,0.7526488903928735,1.3621205221036004,0.040159670419423144,0.011233398427032526,0.18009965169262365,0.03553026163433515,25.353511605449146,58.80796617892899,68.75257345209647,12.405305909668796,4.6696353339953856,-55.10306959141674,67.9999040150316,-11.99634067211943,-24.919772402153804,20.54333487303219,10.145413260799646,-3.1590228221582515,1.5936510563793114,1.2666511891592585,1.534678796227975,1.2706425433176047,0.35226302509150326,0.4392189581004736,0.7684623910790356,0.3378079150815149,-0.14415266001096794,-0.06374546888227335,0.3072939998483887,-0.13511811515633163,1.249718921078921,3.986331008991009,1.618239060939061,1.9541202597402596,-0.00016516300516300513,-7.890091890091888e-05,0.00034110298110298117,-0.00010082134082134081,32
210,2719.8923,20763.3785,6590.9866999999995,7279.942,0.12137160176307749,0.10405513482621487,0.8115587908615982,0.8534440301800221,0.022665957538345414,0.20995844688170148,0.8414824337415078,-0.21884690732280107,1.59893,4.533390000000001,2.48481,2.68942,0.40412269807572054,0.46016693481822446,0.645527663156274,0.21670732244204394,0.25274570999088175,0.10150614326546456,0.25978954654733116,0.0805777165493095,1.6099999999999999,4.51,2.39,2.7,0.51,3.4099999999999997,1.31,1.92,2.88,6.22,4.859999999999999,3.5,0.0012012012012012011,-0.0006206206206206208,0.0017917917917917921,-0.0006306306306306305,0.07261261261261262,0.12224224224224224,0.05712712712712712,0.06337337337337337,64.0,70.0,63.0,68.0,1598.93,4533.39,2484.81,2689.42,7.0995183396905786,10.917955258312428,3.5845652675654645,11.5284494933242,0.7207320021793497,0.9908547637907329,0.4043159170491792,1.1068899862777017,0.18388244118602248,0.042948989460485976,0.41583967274689204,0.04572571879674747,115.35298141033964,84.57458063368816,137.30507294760824,37.41601635028153,29.267951920768443,-61.9531611270853,-1.6286973451223141,7.052151017265173,111.57821163030776,-57.57313189088837,137.295412895355,-36.745413939078446,1.522295554936812,1.4598711930810717,1.6690382744751655,1.3376652014345258,0.787788036102536,0.5446181630051985,0.9214399427439665,0.5555645644594344,0.6109409752595597,-0.1310613316012143,0.6032425938335517,-0.4355041223074081,1.1717225374625375,4.637745734265735,1.8110066133866134,2.8527222577422577,0.0008552701952701953,-0.0002089203889203889,0.001348955728955729,-0.0003269314469314469,28
211,725.3145999999999,5240.549300000001,2212.1133,5610.4331,3.6189729037729834,-0.17573576303163518,9.418902907769429,0.7950478638187537,1.7563992288774,0.337829449857984,2.6992249607077694,-0.44002913049688747,0.682,2.2374300000000003,1.30345,2.3486700000000003,0.5100888157958376,0.48420687221475905,0.7163319045665912,0.30689139952106836,0.7479308149499085,0.21641207645144608,0.5495660781515143,0.13066603631888188,0.52,2.1900000000000004,1.1600000000000001,2.34,0.0,1.05,0.44,1.22,2.73,3.87,4.7,3.1799999999999997,-0.0002102102102102102,0.0007107107107107109,3.0030030030029833e-05,0.0003103103103103104,0.0807907907907908,0.15136136136136136,0.07394394394394395,0.08175175175175176,62.0,82.0,66.0,79.0,682.0,2237.4300000000003,1303.45,2348.67,6.544327238578913,12.514885834116388,4.332711011449229,10.938553585734265,0.568740059479826,1.2058306268372339,0.4273211459397236,0.9997951683021524,0.3363494437257364,0.018184314332266638,0.468356285096859,0.09438904454767538,99.11397023229081,65.07909264307665,154.44399225798986,69.92978301964837,56.402449982967106,24.74835517092928,151.40415918233236,-39.90749435313529,81.5005689006299,60.18976005584082,30.491430384240694,57.4244412043302,1.620956048493324,1.3482577478989326,1.7587471333427998,1.4060110192247672,0.7793092629926606,0.5124602445666459,0.8860966866546419,0.6037528488084452,0.31464812578032525,0.14144083065042304,0.265961481727561,0.08456819853320403,0.40428631368631374,2.118926253746254,0.9737952247752248,2.3037625774225776,0.000555983355983356,0.00023724473724473727,0.00065996951996952,8.990474990474994e-05,29
213,880.7239,15503.0733,286.4474,10656.274699999998,-0.1500032230554531,-0.21597315619767787,1.4615497538166662,-0.3891150664313412,0.6547546304018652,0.32572877291915714,1.223535954516869,-0.12588243145144598,0.8109700000000001,3.90399,0.43098000000000003,3.2442499999999996,0.472283346202256,0.5117962288841136,0.3173383676771531,0.36210031413960414,0.58236845530939,0.1310956813117128,0.7363180836167643,0.11161295033971,0.73,3.87,0.36,3.25,0.0,2.73,0.0,2.13,2.38,5.39,1.6,4.1,0.00031031031031031033,-5.005005005004987e-05,-0.0001901901901901902,-0.0007507507507507507,0.10413413413413414,0.14663663663663665,0.048198198198198205,0.1049149149149149,86.0,81.0,71.0,85.0,810.97,3903.99,430.98,3244.2499999999995,8.8370077952181,11.387062261023974,6.413235990987375,11.504947961127064,0.8577876384517666,1.0892433701778925,0.5886482602481167,1.1298620834431576,0.0645052918952187,0.046652038406872265,0.3238825696048595,0.021787820337399566,93.1118111481585,128.49003690841687,80.24857793580429,118.78828480075646,-48.209512393477006,-75.14538799915867,-12.428671341951462,5.831462397031169,79.65960262312083,-104.22504616061451,79.2802774300936,-118.64506164277398,1.4814527295714612,1.408945127198161,1.5022236600026115,1.3699394899847521,0.7038992709947107,0.49998934870690787,0.8361205657813481,0.5271729180017084,0.02718008735685241,-0.3521608164759876,0.1767358944924916,-0.4991680100764351,0.7887584015984017,4.215853426573426,0.3339348851148851,3.557003356643356,4.446766446766442e-05,-0.0006243512043512042,0.0001942845142845143,-0.0006261328461328461,32
215,4070.0764,3781.4139,7310.419,1248.9673,0.5901253305016834,0.09504870827945178,2.0605994420284293,-0.1561161336037311,-0.3807076284584841,0.29427312025439306,1.16347781105714,0.1668138038862618,1.98322,1.90879,2.66666,1.1009499999999999,0.3700200421598809,0.37139552487880084,0.4464789406007858,0.1920322824423019,0.18657538859021233,0.19457118115602076,0.16743002130034793,0.17442416317026377,2.02,1.9,2.59,1.09,0.72,0.91,1.7000000000000002,0.61,3.19,3.18,4.49,1.72,0.0005305305305305303,-0.0005105105105105108,0.0010510510510510509,-0.00018018018018018024,0.09226226226226227,0.14331331331331332,0.06611611611611613,0.07137137137137137,78.0,81.0,62.0,83.0,1983.22,1908.79,2666.66,1100.9499999999998,10.10954758022303,15.365577123525098,6.283000178566076,14.856686258006201,0.9889614452234855,1.3809347480873562,0.6369083989319507,1.434471592386284,0.043346871527632835,0.009841536618679037,0.2477515309788716,0.0031696661429645445,75.66031724408913,69.7647003080091,145.02046991737322,44.371735741614074,-10.705411091913758,-13.322620483718929,50.91143434990289,-4.596717863595193,74.89911734345968,-68.48080893588448,135.7901415695973,-44.13299352645521,1.4396780095218555,1.2497645914526598,1.6255132611481216,1.2563015838951328,0.5923174107804531,0.32891923378953386,0.7982383842407117,0.42519679743907873,0.09250452447255694,-0.2568944799564464,0.4052188885082531,-0.33827226459092863,1.9239937062937063,2.073878861138861,2.3536076323676323,1.2133501698301696,0.00011857115857115859,-0.0003305082305082305,0.0006267314667314668,-0.00022502536502536509,23
217,2067.2915000000003,6595.6674,3430.184,1728.7579,0.3615689345007853,4.5952887053226,0.076432267802935,3.368374233389637,0.5459818315361228,1.2016124083419741,0.1992345170326642,1.2617480198592803,1.25415,2.4882799999999996,1.7357799999999999,1.2338699999999998,0.7031353194798281,0.6357122317527012,0.6459503011842319,0.45422761155614483,0.5606469078498011,0.2554825951069419,0.3721383477077924,0.36813247064613364,1.2,2.435,1.67,1.18,0.0,0.83,0.05,0.26,3.75,6.3100000000000005,3.61,3.4799999999999995,0.0005105105105105105,-0.0006906906906906906,-0.00013013013013013004,-0.0004304304304304304,0.14475475475475477,0.15126126126126124,0.11112112112112112,0.09840840840840841,66.0,65.0,59.0,64.0,1254.15,2488.2799999999997,1735.78,1233.87,8.500898511864742,9.700395953299877,7.20555124859485,8.716733998686871,0.7249995732912129,0.8714478654793503,0.6352300462206518,0.7895698281632143,0.16709199337155933,0.07803037299523741,0.23106908337172438,0.0980482015568267,242.8136972627768,92.56175931053711,232.3321589927384,106.38605564062088,-41.36641430753769,-40.6629681402152,-43.018269978769126,-69.75350522510038,239.2641037551529,83.15168253673312,228.31482770565037,80.3270897243338,1.8670941262635925,1.6823214181975579,1.9306684584857337,1.6250905330886216,0.5397205950584015,0.4532931284619241,0.6335993271985528,0.5661704776566354,0.4768215498707093,0.18973101682352855,0.4218836159838164,0.2474998287365076,0.6740256143856145,2.279578661338661,1.2642404795204794,1.0393452947052946,0.0011614101814101815,0.00041782049782049783,0.000944023064023064,0.0003894388494388495,24
218,9308.206699999999,4623.5563,5636.0036,2509.8297,0.3857937705378105,0.21406143888981566,9.011626534210674,0.571138961688328,-0.05427945295305725,0.5925962486951803,1.5419987859115731,0.10640625730787574,3.02837,2.1346100000000003,2.319,1.54871,0.3703806732268842,0.2588367205401892,0.5081757569975175,0.3336570633150151,0.12230363965660876,0.12125714792875006,0.2191357296237678,0.21544192477288523,3.0300000000000002,2.1,2.325,1.54,1.81,1.48,1.33,0.38,4.23,3.0999999999999996,6.27,2.73,0.001111111111111111,0.00046046046046046044,0.004034034034034033,-0.0020020020020020024,0.10961961961961961,0.08862862862862865,0.10789789789789789,0.0928928928928929,74.0,89.0,60.0,73.0,3028.37,2134.61,2319.0,1548.71,12.020670853260503,13.975508309350486,8.865845722924261,11.109381542347082,1.0352307994497711,1.1512211296036183,0.7081014325615426,1.0589781187573586,0.02833723818495404,0.023112377010456875,0.1988495816669289,0.05479062257450984,46.132923377138376,15.157567915697536,77.16095668343152,20.771844949495293,16.39975185622933,3.3806551591252525,77.16034592133516,-10.633200339516701,43.11954033121206,-14.775758383719705,-0.3070074954960079,-17.843895122578335,1.5407984760351545,1.2795876356576907,1.868221740649724,1.4996191276909883,0.382467965380383,0.4646969404672951,0.40728145592769266,0.45314208717320814,0.2412122381528453,-0.05816693202450424,-0.04012327896355286,-0.10133172876528303,2.873782637362637,2.160661238761239,2.354280659340659,1.6072121878121879,0.0003094842094842095,-5.215463215463218e-05,-7.063195063195062e-05,-0.00011712149712149713,31
219,380.9412,22195.5128,833.3369,10422.6908,-0.29493714128297865,1.8816389775295401,13.785130679316259,2.889154003251536,-0.15047673013705481,-0.9475464949870581,3.5155640839801707,-1.1938316248159364,0.56732,4.69166,0.73083,3.2186800000000004,0.24308273817776532,0.4287647891326899,0.5470140867473158,0.2505790446146684,0.42847553087810286,0.09138871724137937,0.7484833500914245,0.07785149334965526,0.57,4.73,0.59,3.25,0.0,2.92,0.13,2.0,1.16,5.88,3.9499999999999997,3.82,0.0005105105105105105,0.00025025025025025025,0.0016016016016016017,-0.00042042042042042034,0.0674974974974975,0.1025125125125125,0.03923923923923924,0.0632832832832833,68.0,81.0,61.0,80.0,567.32,4691.66,730.8299999999999,3218.6800000000003,11.371212362852066,9.811754271166505,3.4518794434252458,10.03324171932818,1.103557408032414,0.9893969508762358,0.2407371427248543,0.9455512690221032,0.03379188468483285,0.07221032161029584,0.44662613002034224,0.05662916494708359,14.229688102078514,135.9737456436108,141.9309766337936,69.5710116528697,-13.299509693507465,-126.92498086938315,134.41720818566648,-49.9551924259971,-5.060342418723836,-48.77405801919804,45.56771084653757,-48.42111535358653,1.5142466242358001,1.3297483849055889,1.7437677437738461,1.3680676636659155,0.5148939506597441,0.6749167620044838,0.9088273281786041,0.6424572922982302,0.0786092359452559,-0.34849802496816235,0.4734207013205414,-0.4662084591310112,0.534256103896104,4.950210729270729,0.282732947052947,3.420819520479521,6.619398619398617e-05,-0.0005176190776190777,0.0008970911970911971,-0.0004046837246837247,32
220,3241.3575,9020.4622,5240.760200000001,2751.9934999999996,-0.039287509652664365,-1.1517417600579605,-0.5806736473059737,-1.0606568458739982,-0.030962644630989546,-0.5000669206515608,-0.015245578261986711,-0.20825881097515483,1.7085299999999999,2.87034,2.2004399999999995,1.5651100000000002,0.5676995147963401,0.8840873737363293,0.6315251431257508,0.549931075590387,0.33227365910832124,0.308007892352937,0.28699948334230924,0.3513689616642836,1.74,3.2300000000000004,2.24,1.675,0.24000000000000002,0.7,0.7,0.31,3.5300000000000002,4.52,3.9799999999999995,2.72,0.0003403403403403402,0.0014414414414414415,0.0010610610610610606,0.0005905905905905909,0.1262862862862863,0.12302302302302302,0.08886886886886887,0.0864764764764765,72.0,87.0,59.0,72.0,1708.53,2870.34,2200.4399999999996,1565.1100000000001,9.204752389940902,5.560944074637802,5.921239651569255,6.380182660859636,0.7982249871212298,0.5976720326682183,0.590953453957967,0.7201338660786195,0.10618988011708286,0.2518560688638978,0.2966271427632483,0.1719477557796818,228.6579073445249,513.2895346269845,304.59942278496396,285.4531923976331,-61.50228772320119,-225.85398896773728,85.0553169748236,-147.21313189097725,220.2314854783255,460.92962806153764,292.48316432787294,244.5645494523887,1.6507543473991417,1.3445771164888058,1.7320359535080685,1.3956099109553304,0.5424945684683872,0.9059892206199657,0.7833149510915117,0.8432672577826833,0.5164807682738107,0.7931169066280355,0.6259960390588214,0.6693559230428678,1.2011901098901097,1.6570664535464543,1.5163888711288709,0.9281800000000003,0.001015695475695476,0.0024289760689760677,0.0013694717294717293,0.001275135135135135,37
221,2187.8994,12674.6381,6140.358700000001,6746.355599999999,-0.47742811589526113,-0.4260300922253446,0.7548009593368858,-0.9260550931528297,0.38272800389043504,-0.017199656707684058,0.48810215247349087,0.2709109650591448,1.4361,3.53959,2.4629899999999996,2.55504,0.35428264140372445,0.38202189976492185,0.27210101047221413,0.46703982528259835,0.2466977518304606,0.10792829106334967,0.1104758892533929,0.18279159045752644,1.37,3.54,2.44,2.455,0.5700000000000001,2.3899999999999997,1.5699999999999998,1.47,2.5300000000000002,4.58,3.56,3.67,-0.00032032032032032037,0.0007007007007007004,-0.0004004004004003999,-0.0007207207207207205,0.08544544544544543,0.1491891891891892,0.07101101101101101,0.08472472472472471,76.0,92.0,66.0,82.0,1436.1,3539.59,2462.99,2555.04,9.679930764233756,15.700189630404562,11.008153526693652,7.250803570172742,0.8955095544610008,1.4168087453505858,0.9403268226695248,0.7413982470961761,0.04191329468790794,0.0031710649990523976,0.05339189219824547,0.1286341726329887,154.79059775883056,108.68649891209651,81.26436865583011,243.204189037502,93.54119877748799,-60.787080821473864,65.74247739010636,103.16481260840638,-123.32953128025159,90.09820115281303,-47.76844439210909,-220.239185897654,1.4125539539097698,1.3287358627149866,1.5756183552270278,1.4184899616549735,0.702795896420467,0.3162816207281053,0.5059833112262528,0.8307624337583752,-0.5682598780178021,0.4347367780237255,-0.2996646418699549,-0.7136768352665055,1.7844559240759241,3.2522202997002996,2.604078621378621,3.131782357642358,-0.0006974092574092576,0.0005753147153147155,-0.0002824597024597024,-0.0011546393546393548,22
223,4109.0632000000005,4170.740600000001,3748.2086,2172.4475,-0.4391126621308681,1.2852539265194625,-0.8896733312603327,-0.10134745348465746,-0.4459618093520361,0.8498970787631955,0.44481021333963466,0.01899641204513238,1.87612,1.96482,1.82352,1.44093,0.7676177079770893,0.5569766311076255,0.6503717472338416,0.3101100370836133,0.4091517109657641,0.2834746343724237,0.35665731510147497,0.21521519926964758,1.96,1.9,1.665,1.4300000000000002,0.0,0.52,0.7,0.52,3.51,4.2,3.4699999999999998,2.27,-0.0015015015015015015,0.0006106106106106105,-0.0013413413413413415,0.0005505505505505506,0.13757757757757758,0.14199199199199197,0.08126126126126126,0.09030030030030031,72.0,77.0,65.0,79.0,1876.1200000000001,1964.82,1823.52,1440.93,7.771600492554539,10.28950194125505,5.48746682353639,11.699213556656948,0.6404860438148924,0.9590584507658303,0.4327883502238655,1.100828805320949,0.16366030035911816,0.05315834236696482,0.3531576231111666,0.03819712804723263,186.7372875447777,174.40195876204115,142.74478160654218,73.5363380064771,-162.15659975595497,-88.81984275259506,41.6228758594533,-55.806683701849984,-92.6069744412807,150.09023537006328,-136.54160128359402,47.887441585498365,1.8174947665360395,1.5188220472895115,1.8440863640265222,1.3964044318563331,0.6670763812588645,0.628846652848731,0.7976965270369336,0.5851863498307998,-0.39483693648165724,0.28330855903204366,-0.3519182814037459,0.27314833100958763,2.400551888111888,1.691782057942058,2.2195515884115884,1.2943614785214785,-0.00104991368991369,0.0005466225066225066,-0.0007928560328560327,0.0002934304734304734,30
224,1516.3082,16166.4882,7385.4299,3865.5406000000003,3.1568616519886326,2.1979618513493304,-0.21431153072727627,-0.4523595927280142,1.1864396549497662,0.8943710629453703,0.14381840516690347,0.2911140692630205,1.1455199999999999,3.8679800000000006,2.66241,1.85848,0.4517655692945181,1.0978246306218493,0.5449797169620169,0.6415548999111456,0.3943759771060463,0.28382376088341954,0.20469413687674584,0.3452040914678369,1.08,3.675,2.63,1.75,0.05,1.88,1.12,0.38,3.31,10.1,4.21,3.94,-0.00011011011011011021,-9.009009009009084e-05,-3.003003003003028e-05,0.0,0.119009009009009,0.205035035035035,0.10235235235235235,0.1321921921921922,79.0,81.0,60.0,73.0,1145.52,3867.9800000000005,2662.41,1858.48,11.2237698913138,7.654211227643442,7.8575965192930575,8.39314516516831,0.8141212090694708,0.776492225759253,0.7252373657895947,0.8377079695349796,0.08167390526168372,0.12101906237654703,0.16050760115116347,0.09715587402093995,79.8301922611005,304.1833122913105,140.45917725439818,166.8469439416683,75.78421383667708,206.24637530770087,29.773474306939338,21.471195364985704,-25.092081013759575,223.5842573817484,-137.26733297721083,165.45963396633277,1.6830719279974602,1.5333072608795146,1.7501788372135108,1.5458748634495914,0.4405113411912941,0.7406219951295313,0.6033692073177551,0.6832399036758302,0.13223615963876537,0.3538411932934733,-0.2290372082895999,0.2986324234566637,1.0421511488511488,3.195827692307693,2.8783895904095904,1.5269696303696303,0.00020694464694464692,0.0013456502656502656,-0.0004323915723915724,0.0006636844236844237,32
226,284.7989,9815.8021,1141.6983,3659.0491,-0.521640626266413,-0.20811257595318455,-0.42665354569023073,0.4937794272878051,0.6156384449046163,0.18826326140809171,0.2827773221873738,0.6271970678870279,0.40291,3.1118499999999996,0.99001,1.8823899999999998,0.3499463271703248,0.3635817342771773,0.40196828220644476,0.34008379540930794,0.868547137500496,0.11683780846672474,0.4060244666280591,0.18066595945011818,0.34,3.0999999999999996,0.97,1.8399999999999999,0.0,2.11,0.14,0.95,1.4100000000000001,4.29,2.13,2.99,2.002002002002002e-05,0.00012012012012012023,0.0006706706706706706,-0.000760760760760761,0.06956956956956957,0.12704704704704706,0.06011011011011011,0.08432432432432432,64.0,78.0,66.0,72.0,402.90999999999997,3111.8499999999995,990.01,1882.3899999999999,8.869371890906976,13.843624991326394,6.089116023727806,9.959844500348192,0.3815791631531807,1.2818993294858925,0.624042081925129,1.0172583724182374,0.14122712506035207,0.013726885765510843,0.26377989986142136,0.05570386471892519,143.50116269384085,75.39285558511995,211.02550826739702,99.6402003049081,-143.3808220633117,-67.25487923304738,-210.88714099143004,95.12313523301006,5.875675189553286,-34.07145275192951,-7.640608874556545,-29.66072588870154,1.5973339791898735,1.359217518129664,1.5457249009187135,1.5097583441813796,0.683894583254991,0.3970593351871728,0.8438827942070589,0.5830609401509409,-0.0024105443066426853,-0.024038283443433263,0.13495793933699565,-0.17591796382767402,0.40436963036963036,3.126972787212787,0.8961422177822177,1.9859095704295702,-2.9221829221829424e-06,-3.0275850275850315e-05,0.00018792348792348799,-0.0002072463872463873,33
227,1339.2524,18327.1976,1703.2282999999998,10293.2333,-0.21644298600858525,0.3651010010212299,-0.4875809490280494,-0.011478081618988334,0.0942119225404426,0.3199319129483248,0.5659834725322304,0.4444014282302006,1.0581800000000001,4.25756,1.1847099999999997,3.1940099999999996,0.4685162618308995,0.44763874541866905,0.5474399655670017,0.30254490559254177,0.4427566782880979,0.1051397385870473,0.46208773925011337,0.0947225918492872,1.0550000000000002,4.24,1.0899999999999999,3.16,0.0,2.92,0.27,2.31,2.4099999999999997,5.8,2.6,4.23,0.0021321321321321326,-0.0009009009009009012,0.0008908908908908908,-0.001411411411411411,0.12395395395395396,0.14918918918918922,0.09394394394394394,0.0857957957957958,68.0,85.0,66.0,78.0,1058.18,4257.5599999999995,1184.7099999999998,3194.0099999999998,11.019632669088258,13.607893101288717,7.298443984309585,11.580942411070765,0.8481523250166083,1.24680026226343,0.6581374032002044,0.9883108855932392,0.0766722666992381,0.015111753293419738,0.2558714772821773,0.08557474610581561,85.76179230343054,42.87828635947451,140.4453159045676,41.47916887293221,39.1910592840711,3.291694242274973,140.4368143909449,18.491392877189295,76.28332643041453,-42.751750726028426,1.545290670738944,-37.129366273216434,1.8090169196152002,1.4197149416671593,2.0004405104875405,1.5384978105751381,0.4107416945586034,0.36397456173043496,0.6642937329508797,0.46107205604420176,0.25231120627978854,-0.23081197088443361,0.021188431431747527,-0.3272804958847154,0.8536356243756246,4.4363372827172824,1.1646393406593403,3.3653411388611385,0.00040949824949824943,-0.0003579124779124778,4.018150018150024e-05,-0.000343005283005283,34
228,10698.921999999999,1248.6799,9868.879,861.4441999999999,-0.4075459605256144,-0.30452539343753493,0.3580420754431608,-0.3484799950003632,-0.4481797300854322,0.2403793361584102,0.7763878840728224,-0.005109257954486179,3.18404,1.06445,3.0491,0.8730399999999999,0.7488733393571974,0.3400383765106521,0.7562196704661946,0.31503231326325876,0.2351959583916023,0.3194498346664025,0.2480140600394197,0.3608452227426679,3.31,1.05,2.9299999999999997,0.885,1.29,0.18000000000000002,1.21,0.1,4.89,2.1,5.51,1.8,0.0019119119119119124,0.0005405405405405407,0.0024924924924924928,-0.0001701701701701702,0.11568568568568569,0.11673673673673673,0.08607607607607609,0.07574574574574576,77.0,79.0,67.0,77.0,3184.04,1064.4499999999998,3049.1000000000004,873.04,6.618502513794097,13.822594994640367,4.7267363524074,10.061458439154796,0.6551594600733838,1.3522267228221048,0.44949026224270144,0.9270958199461183,0.19535772102092164,0.015693624705965803,0.37060818520327476,0.09062000336748177,319.801271084849,53.10209516902496,326.2328104208641,101.93538257866963,-115.72755263939443,-24.69087342832957,43.16940979571196,-15.717932980297068,298.1274669459043,-47.01269276149148,323.3639569478722,-100.71627874522883,1.5307478444007874,1.2869763945343806,1.6218351498333796,1.387351251476534,0.8308716054312161,0.4862303866822968,0.8742872659723532,0.6494085684375246,0.7320864327277277,-0.23949324862556848,0.7529496356610406,-0.603361265323004,2.23540955044955,1.205361858141858,2.063864095904096,1.2019362037962038,0.0018991600591600597,-0.0002821058221058221,0.0019724442524442524,-0.0006584508584508585,29
229,923.1175,7238.522000000001,1563.8285,5113.149799999999,-0.10840890491036159,-0.09969327649275916,2.01454937150556,-0.07170265495273087,-0.04069033980573302,0.5212444251767225,1.2472167858832444,0.02367947298367279,0.87399,2.55622,1.1909900000000002,2.2176,0.3990726499022452,0.8392027833604939,0.3812759104638005,0.44204076735070486,0.4566100869600856,0.3282983402682452,0.3201335951299343,0.19933295786016633,0.875,2.435,1.11,2.23,0.0,0.63,0.38,1.02,2.19,5.52,2.95,3.4400000000000004,2.002002002002001e-05,-0.00044044044044044036,-1.0010010010010018e-05,-0.0006706706706706706,0.08974974974974975,0.17811811811811812,0.06425425425425425,0.09274274274274275,69.0,76.0,65.0,71.0,873.99,2556.2200000000003,1190.9900000000002,2217.6,9.49738128354258,8.681248281451106,7.020854036934706,8.281973264155845,0.8310334785935509,0.8338202595719876,0.6481964601142995,0.8940219280668152,0.07617969776924571,0.11100084179722725,0.19253052781507485,0.0779637688431345,42.46923417885158,168.90964246938648,83.82533765576055,78.39854163787541,-39.96624001541862,120.23223372690327,80.38582755930264,43.756413641894135,-14.364383410647555,-118.63674511792404,23.765646650329707,-65.05157643089939,1.7441489628436257,1.6404831728249785,1.7772847167850814,1.5212941096959591,0.6019293128801839,0.6633591494896013,0.7199846169233912,0.6911077171626447,-0.3166891382785564,-0.44810323266560453,-0.04786129675693195,-0.35370327103872023,1.092671208791209,3.2069057942057944,1.2225654945054947,2.4881376623376625,-0.0004378002178002179,-0.0013026742626742625,-6.321420321420322e-05,-0.0005416169416169417,37
230,1683.0299,13653.2022,4531.5151000000005,8626.4945,1.2199399559401045,0.09573187894318247,1.5575421662387954,0.8597947947803268,0.43571095140734534,-0.03459619143983649,1.354989527446045,-0.5362570568920357,1.25023,3.66932,2.0623899999999997,2.92547,0.34634498278450637,0.43507808218755395,0.5273164020775383,0.2609976611006313,0.27702501362509807,0.11857185587181111,0.25568219496678046,0.0892156341034539,1.22,3.6799999999999997,1.9200000000000002,2.95,0.12,2.33,1.27,1.9300000000000002,2.49,5.04,3.84,3.63,0.0003303303303303304,0.0016616616616616617,0.0005905905905905904,0.00046046046046046044,0.09170170170170171,0.14934934934934938,0.07204204204204204,0.09303303303303302,78.0,82.0,70.0,87.0,1250.23,3669.3199999999997,2062.39,2925.47,10.947644958720428,13.770003290182892,5.589090376398703,14.3403830436526,1.062485390258929,1.3467969845259182,0.5780509033020003,1.2580732376364097,0.061210065523966684,0.008737113376377614,0.36226126304313766,0.008738512232466356,75.4379776704006,57.509285439204845,193.99191845377032,21.833198744306173,-71.29356610257867,16.89834201487292,-162.40256217855722,10.719864453471436,24.660006232300585,54.97057348142112,-106.10500564636021,19.020333159741767,1.3983407740022005,1.3287283498173343,1.6312072988638202,1.338419394700297,0.5673117858372954,0.4021626957856032,0.8591712970641431,0.3653650725898845,0.12412276634206722,0.18035399963666476,-0.22378242573355825,0.02874242739336792,1.1758447752247752,3.5335451548451546,2.266574885114885,2.91248965034965,0.0001489193689193688,0.0002718215118215119,-0.00040877854877854886,2.5986685986685995e-05,30
231,2319.5186000000003,11083.8616,10106.6483,5407.2644,-0.017743873851281844,0.2339258972312801,1.5285100353584853,-0.20254552729610387,0.024077754051075845,0.4926994625384998,1.2545955812845127,-0.3140807012873829,1.41568,3.27824,3.0500100000000003,2.2986,0.5615770095009232,0.5805205443393023,0.8967091501150192,0.3517135766500918,0.3966835792699785,0.17708299097665284,0.29400203609660924,0.15301208415996337,1.4000000000000001,3.21,2.895,2.31,0.0,1.8800000000000001,1.7,1.26,3.14,5.1899999999999995,6.220000000000001,3.08,-0.001021021021021021,0.0018918918918918916,0.0008808808808808813,-4.004004004004007e-05,0.13025025025025025,0.15046046046046047,0.08498498498498498,0.08906906906906907,69.0,75.0,55.0,76.0,1415.68,3278.24,3050.01,2298.6,10.203051765770994,10.390513976355752,3.904498793066985,10.069986530295804,0.7549953947090748,0.995670249953435,0.39581845655500275,0.9980847849205257,0.10686798315467527,0.04625106833868031,0.41104925478846344,0.04573271307719118,166.42570199161926,110.55129855910602,427.6543323607341,121.29073279380877,-95.95246653002039,84.00368469823479,-72.50692722229974,52.41674545202602,135.98028699119806,-71.86772968602912,421.4628969336273,-109.37973604775533,1.8010023853504837,1.5386887470245414,1.7563460824392694,1.4242153627008407,0.439383402066676,0.5532406574283862,0.9042691864834052,0.6462595208145446,0.14564011137043192,0.13522521582582342,0.4713814842588752,-0.2643276724727179,1.2741603796203798,3.1424081518481515,2.3186175824175828,2.4594637162837163,0.00028332256332256326,0.000271935631935632,0.001464249084249084,-0.0003220494820494821,36
232,923.9926,2897.8752,4226.8636,2578.6084,0.0509676279136011,-0.510872192169848,0.17713515931319757,-0.48069667608457056,0.3256823017318303,-0.09506771248305308,0.2923835042199679,0.025253813153063444,0.9070400000000001,1.62288,2.0205800000000003,1.5666,0.31823110847307184,0.5139413445131652,0.3796314839419934,0.35266533711154546,0.35084572728112523,0.3166847484183459,0.1878824317483066,0.2251151136930585,0.89,1.65,2.01,1.5499999999999998,0.11,0.33999999999999997,1.1,0.5900000000000001,1.85,3.0100000000000002,3.2399999999999998,2.45,0.00012012012012012012,-8.008008008008015e-05,0.0012212212212212214,-5.005005005005009e-05,0.11061061061061062,0.15405405405405403,0.08326326326326328,0.0903003003003003,85.0,84.0,76.0,78.0,907.0400000000001,1622.88,2020.5800000000002,1566.6,13.768531556489338,12.1414321711153,8.760543435202283,10.146394709073158,1.2135829914811582,1.1594895068854174,0.9125251355205934,0.9986680021767348,0.026127283133128287,0.028221779837234173,0.05454600760705208,0.028153829417286502,52.60252337456489,187.178420262034,121.44816818113173,145.50091279754224,-20.539777901817846,73.150661698675,99.92580272126638,38.700238217112826,-48.426676420291756,172.29260490466973,69.02529612441376,140.2597846385653,1.4565351047105806,1.396679750813456,1.5468417166126662,1.3883198659830862,0.32681940481092525,0.5335580635942244,0.7022169917050163,0.6572587058339786,-0.14293015010679358,0.34304077641704683,0.3495032378154239,0.36832194777158905,0.9857432767232768,1.3178197402597402,1.7909969830169832,1.3418411988011987,-0.0001575641175641176,0.0006107312507312507,0.0004596256596256597,0.00044996756996757,29
233,5133.5319,843.5530000000001,12163.711900000002,230.20600000000002,-0.16860594077766455,1.4294829816863595,0.4433170620599247,0.9348393847211716,-0.20104977810285582,0.9581906060361945,0.33755501952226746,1.090574513904818,2.21163,0.8425,3.37801,0.37844,0.4921632281062859,0.3657140276226768,0.8676176230921085,0.2949392588313736,0.22253416172971333,0.43408193189635225,0.2568428225766379,0.7793554033172329,2.2800000000000002,0.8,3.48,0.32999999999999996,0.99,0.07,1.32,0.0,3.6,2.4499999999999997,6.0600000000000005,1.6,0.0006806806806806806,-0.0012512512512512512,0.0013213213213213212,-0.00046046046046046044,0.09195195195195197,0.1016116116116116,0.065005005005005,0.051311311311311315,73.0,82.0,62.0,59.0,2211.63,842.5,3378.01,378.44,7.862011008215074,11.598626156613756,3.188507859389017,7.6594435556347245,0.7189324962527256,0.9661981956807351,0.28186074755514756,0.637997409226477,0.13481091395834977,0.03731272094052507,0.37929606226086054,0.12611032780590659,52.43946026279914,77.63321137675041,200.35682247577134,73.00498856485451,49.960301964252174,-24.48080005433473,-94.24145437578785,71.01081845735285,15.933148473996905,-73.67228744491985,176.8089494050684,-16.94674061202963,1.633216237655065,1.449741546440644,1.7108574888910884,1.409161634376524,0.7078284529318281,0.5272032956833318,0.9371490713240138,0.7638006303812944,0.2708481910706795,-0.4301665003283805,0.42341337116197847,-0.25710913549022485,1.9809757642357644,1.1147102897102896,2.742358221778222,0.5096528671328671,0.0004617702417702416,-0.0005449655449655449,0.0012725761325761327,-0.00026268842268842264,29
234,2578.3779000000004,830.8533,2101.3952,857.8782000000001,-0.24452862676322384,0.6141867766257323,0.15978389956418138,0.9206725940750711,0.1483397983760839,0.7065254081650082,0.22311769049514418,0.8074339331799333,1.5418699999999999,0.77971,1.36,0.8716400000000001,0.4483467442727782,0.472128812825483,0.5017919887762259,0.3132441705762455,0.2907811581214877,0.6055184784413218,0.36896469762957784,0.35937333139397626,1.56,0.75,1.3599999999999999,0.8200000000000001,0.48,0.0,0.09000000000000001,0.22000000000000003,2.8899999999999997,2.4899999999999998,3.0,2.17,0.0014414414414414415,0.0003403403403403404,0.0014914914914914918,0.000720720720720721,0.10548548548548548,0.10576576576576577,0.1006906906906907,0.07813813813813814,70.0,73.0,60.0,66.0,1541.87,779.71,1360.0,871.6400000000001,9.628891930664743,9.533556135538456,8.250984194779281,10.304870203841185,0.8920690424914084,0.7910488050998808,0.7175843337091481,0.8894202094830509,0.10632235390075984,0.1040431217882487,0.17100428421654978,0.11024300282110211,108.81894676582515,105.00570134667983,115.72955229102348,87.86017511708933,15.944950776153025,65.16088937686236,113.93825339771857,84.6997391913623,107.64442261431635,82.34230875391111,20.283088674016398,-23.353041611764617,1.7558762330870905,1.6716310350648818,1.9222892984406093,1.6037366993116424,0.5011321307932692,0.5514446106981734,0.5918313832334281,0.5070102940558538,0.4584236508863175,0.04362636529285482,0.3134230332209106,-0.17784401674244865,1.1862326473526472,0.7440701498501499,1.0878671528471529,0.9680336863136864,0.000711986691986692,7.135105135105134e-05,0.0005448105048105048,-0.000192980352980353,31
235,890.5579,2218.197,1054.5593000000001,1802.4125,-0.745368226591054,-0.8015415086513524,-0.668473975862816,-0.8289312160954916,-0.13481415320271353,0.024501879905645976,-0.3659372119223371,-0.1531092119629399,0.8460700000000001,1.22248,0.9790899999999999,1.27349,0.4179993482052335,0.850728893126359,0.3097451725208966,0.42501261145994246,0.49404818538091816,0.6959041400483926,0.3163602656761857,0.3337384757319983,0.9299999999999999,1.37,1.03,1.3599999999999999,0.01,0.0,0.24,0.22,2.01,4.04,1.67,2.39,-0.00010010010010010008,-0.0033533533533533534,0.00035035035035035043,-0.0013513513513513512,0.08320320320320321,0.10807807807807808,0.04897897897897899,0.06453453453453453,77.0,74.0,70.0,80.0,846.07,1222.48,979.0899999999999,1273.49,8.119969628956484,5.424030775930881,6.394715280736608,6.188677877567442,0.7889077343007632,0.35598730223122665,0.6355059740700582,0.6661523954896567,0.1576466781998498,0.2569308996978341,0.23465528823240955,0.215592145908313,121.6976153113536,281.8306524115546,139.89221592740768,133.91415694511196,23.107067344379,124.16273673927074,50.586649941499324,50.24948491782183,-119.48377718842227,-253.0061885490888,-130.42554552225062,-124.12892771555576,1.5734130362224303,1.400175881546215,1.3590307312903396,1.3436666656589238,0.7357610802296293,0.8754614447258843,0.8551098280223044,0.8781033487732749,-0.4303294480013104,-0.577871076567174,-0.46093663720031336,-0.585095409078594,1.1573154445554446,2.073125234765235,1.226132747252747,1.7037736463536464,-0.0006231140031140031,-0.0017029934629934629,-0.0004945800745800745,-0.0008614287214287214,32
238,1492.4306,12771.116300000002,7253.064700000001,4522.8236,2.9852912157490334,0.6693881528756314,3.0561776552943534,-0.10625167808916114,1.0862920892533021,-0.36976398645374375,1.6288088423547613,0.08762005623885295,1.1796399999999998,3.54739,2.60229,2.1094800000000005,0.31761623132327477,0.4325973738940171,0.693650816982147,0.2700328305965776,0.2692484413238571,0.12194807277858287,0.2665540031980091,0.12800919212155487,1.15,3.5599999999999996,2.46,2.115,0.0,1.68,1.3900000000000001,1.2,2.49,4.78,5.2299999999999995,2.88,0.0008608608608608609,-0.00013013013013013004,0.0013313313313313313,-8.008008008008015e-05,0.06998998998999001,0.12991991991991994,0.07406406406406406,0.08080080080080079,66.0,85.0,62.0,88.0,1179.6399999999999,3547.39,2602.29,2109.4800000000005,8.88812439932648,12.079726250496368,4.521605214476106,11.828170513088793,0.8738273312939946,1.134089189478245,0.4138615262187154,1.153948002814644,0.12190860610874044,0.030539670966844845,0.39390879955762603,0.012622462523207645,22.78139847171103,113.72596498587595,212.40451158666576,13.094060248671601,4.06262991652605,-63.4518694909577,211.59171989738235,-10.41115817848422,22.416225250657728,-94.37931643146794,18.56396006345956,-7.94117114652637,1.528041432132105,1.3753004721642983,1.6881487973896556,1.4055207521419266,0.664955283686596,0.547957019402943,0.8992110122763747,0.5463887590232196,0.2391836760740195,-0.37287034817919207,0.26500234543431705,-0.14412048017207615,1.0481900099900097,3.8264952847152847,2.284224215784216,2.176819300699301,0.00026316314316314325,-0.0005587693387693388,0.0006367683367683369,-0.0001348134148134148,21
239,2623.8271999999997,9488.3187,9411.5395,3740.9655000000002,-1.383106097555147,1.086021681622634,-1.2733903418643182,-0.7195331121270696,-0.11255299823198188,0.23146219359423076,0.058837194786030625,-0.030556455361346962,1.4532999999999998,3.05241,2.97861,1.90835,0.715364459558902,0.41365673196504366,0.7344535165005339,0.3149059820009776,0.49223454177313847,0.13551807652479309,0.246575925180045,0.165014793932443,1.5150000000000001,3.06,2.9699999999999998,1.92,0.02,1.7200000000000002,1.26,1.1,2.87,4.88,4.51,2.63,0.001101101101101101,-0.0005905905905905909,0.001971971971971972,-0.00024024024024024045,0.08376376376376377,0.1460760760760761,0.08357357357357358,0.0837037037037037,77.0,81.0,67.0,83.0,1453.2999999999997,3052.41,2978.61,1908.35,4.815356797719081,14.300128575447774,4.688047027869688,10.689963065927401,0.4884054586465822,1.2503615456997068,0.46005276317512606,1.0536457687102143,0.3716285984560823,0.022078056615629116,0.37470477599183827,0.0571658538530917,431.79810199221697,50.04755565681083,428.55905241175674,114.0304584111284,-48.48922352652761,-49.32054937022609,-68.05326947686885,-5.7026834585989405,429.0668899902152,8.499484516173217,423.12127566168493,-113.88777303478676,1.5208471486475676,1.4326697601517306,1.7333288484176992,1.4050928616020397,0.899675319937098,0.21307609085364293,0.8709800703637349,0.6292567317668014,0.79459433221733,-0.10747058130991238,0.7908526112531153,-0.6137232234042377,0.46974385614385583,3.1293329670329673,1.9735633966033967,2.2427604195804194,0.0019690813690813693,-0.00015399993399993402,0.0020121053121053122,-0.0006694903294903294,30
241,442.35709999999995,14453.0071,1399.9545,7820.8036,-0.48584262051903826,0.22917121189331313,-0.4902206347032152,6.538259029478123,0.2421109081606006,0.09463266287831462,0.25219313646967517,1.6756510740689348,0.5849300000000001,3.76537,1.13983,2.77912,0.31656594115602515,0.5244004796908561,0.31739891477445226,0.31192246728954937,0.5412031202981983,0.13926930944126503,0.278461625658609,0.1122378548927536,0.57,3.79,1.1099999999999999,2.76,0.0,2.39,0.48,1.91,1.54,5.62,2.12,4.41,0.0005705705705705706,-0.0016416416416416427,0.0003103103103103103,-0.0015615615615615622,0.09426426426426426,0.11185185185185186,0.053223223223223225,0.07539539539539539,67.0,78.0,68.0,78.0,584.9300000000001,3765.37,1139.83,2779.12,12.415921858895675,8.731617657477113,7.042933418095951,9.66648821081159,0.987483562627556,0.8852557347674765,0.6249357707336484,0.9498291718698952,0.06265299643615041,0.089964736772151,0.23577288377911998,0.09687116804373908,63.17158217723557,56.05787242943918,167.04499295142753,64.58971808468947,-63.14011993434656,39.58602037395043,-147.66877782069542,64.4811711989403,1.9935018062592564,39.69171263964883,-78.08944696362349,-3.743025924651708,1.6374917168620862,1.3503428737757954,1.6880685831672226,1.3634847531100542,0.3124775492905914,0.7259670719138014,0.7567848156341913,0.6348939220415822,-0.08231210991657799,-0.14455156953660941,-0.20002443951785612,-0.2646084475892151,0.6300173026973027,3.8965332667332664,1.249683736263736,2.921935944055944,-9.026487026487027e-05,-0.00026258912258912253,-0.00021992739992739992,-0.0002859178059178061,34
242,11268.7324,2501.7929,16741.443399999996,3398.9587,-0.3330974111712943,-0.1767994718826862,0.4034115086600707,-0.4499038004414988,-0.10856248716880477,0.29772977782841087,1.0435974279393911,-0.0706019230099082,3.33088,1.53465,3.8816800000000002,1.79295,0.41709810069095254,0.3829389997114423,1.2938329790200898,0.42928894406914325,0.12522159329995453,0.24952855681193906,0.3333177848303028,0.23943163170704326,3.35,1.505,3.525,1.8199999999999998,1.99,0.51,1.95,0.61,4.37,2.9,7.99,2.95,-0.00014014014014013983,-0.0005205205205205208,0.0009209209209209209,-0.000800800800800801,0.1152152152152152,0.13361361361361362,0.12286286286286288,0.10490490490490492,79.0,88.0,60.0,70.0,3330.88,1534.65,3881.6800000000003,1792.95,11.204387098568583,14.127407520990289,4.210169533761689,9.915290068819937,0.9696866177596157,1.27630536139182,0.35150594576468774,1.0171342713062348,0.05124923386434599,0.005954788615759377,0.38268238858886594,0.04457316682036527,52.044663796829006,88.66245695229551,605.7398008127767,139.3883425576543,39.93032887782645,-88.30459744808027,569.700146361596,-128.67301279950976,-33.37987216023428,7.957973507756291,205.82140200736788,-53.59445697147403,1.607654493948047,1.3348940632901103,1.994232019162474,1.4738507402064438,0.4432527413077579,0.3892344211408435,0.8790812317710567,0.591559447138858,-0.1878190406891115,0.08301852010251624,0.01916852272665136,-0.07410713215816526,3.4664314485514485,1.4796413586413588,3.8387665734265735,1.8479973026973027,-0.0002713742713742715,0.00011012741012741013,8.591276591276591e-05,-0.00011020481020481024,34
243,588.5933,23937.1066,113.7139,6941.1464,-0.8378848212063419,-0.1261192848339152,-0.2822915365787724,0.24868165889383143,0.40421881024749107,-0.6245672978897605,0.8006271049626279,-0.09712705267815613,0.63017,4.85896,0.25075,2.62036,0.4375832162000732,0.572376028848169,0.22547358492737016,0.2736053186617541,0.6943891587985356,0.11779805325587553,0.8991967494610974,0.10441516381785484,0.58,4.96,0.2,2.615,0.0,2.96,0.0,1.7200000000000002,1.8099999999999998,6.3100000000000005,0.99,3.46,0.0002902902902902903,0.0007107107107107107,0.00033033033033033035,-0.00013013013013013047,0.08699699699699699,0.12387387387387389,0.03720720720720721,0.07348348348348348,71.0,84.0,65.0,75.0,630.17,4858.96,250.75,2620.3599999999997,8.431381080962042,8.66512118380544,7.678633263740302,10.892520956106809,0.6804369751064004,0.8798858937629127,0.418973393303137,1.071367717990503,0.16295022963554562,0.06921476851410979,0.2459059366656131,0.02792594813464966,64.23907097250853,178.05052654734237,81.10621120363405,62.67949392595897,-2.0319390341700547,-124.43242750015312,27.709874358951108,-57.87653632072523,64.206926909582,127.35211419605488,76.22585098783506,-24.062948745531997,1.7090203030487023,1.4401410853576577,1.5423446509728627,1.453794727413847,0.6299292155945914,0.7673487631119669,0.7397597426317122,0.6037598681094829,0.41006633524665453,0.5796312800215443,0.6625743215180455,-0.12151106512706114,0.3196846553446554,4.284896963036963,-0.007747652347652456,2.6778863336663337,0.0006215922815922815,0.0011492753492753493,0.0005175128175128177,-0.00011516783516783513,23
245,393.675,12370.086,783.4189,5277.5525,0.02117652326106345,0.5946822293458021,0.05161363695352916,0.09298759400324919,0.001959563021148318,0.1747770721619554,0.5268716595727525,0.1538649214184309,0.5856399999999999,3.4832799999999997,0.8746900000000001,2.28603,0.22516836012193187,0.4866687185344873,0.1354116091773523,0.22719889766457935,0.3844825492144182,0.13971564690018815,0.15481097208994304,0.09938579006600061,0.58,3.4850000000000003,0.86,2.29,0.0,1.96,0.59,1.6,1.32,5.3100000000000005,1.37,3.2,0.0005205205205205206,-0.0006306306306306305,0.0002902902902902903,0.0001501501501501505,0.06224224224224224,0.14545545545545546,0.03284284284284285,0.07554554554554554,70.0,84.0,71.0,81.0,585.64,3483.2799999999997,874.69,2286.0299999999997,11.173988278490548,12.002781439518541,9.807458031469563,12.978845578971322,1.0586833986495656,1.1830031277774156,1.026836360838121,1.2960160295685157,0.05641098647181142,0.022076657759540375,0.07855654081552466,0.022648737179467915,40.716379711412685,119.41963491558703,46.247212179514726,103.69001581001287,-19.834073035742144,24.134017095454546,28.453362548910093,-6.760781075525015,35.55886842430148,-116.95554036559534,36.458343270605916,103.46937333302807,1.461323894664074,1.3468942671913193,1.4659676683462899,1.2758808877787133,0.5407407151645018,0.5622416396326033,0.6232292936713764,0.5549690654095751,0.06187724092328148,-0.3153439940616098,0.561238063201619,0.5864769906236896,0.5615318081918081,3.748828791208791,0.7431889110889112,2.0554702297702296,4.826464826464828e-05,-0.0005316292116292115,0.0002632654432654432,0.00046158112158112166,30
247,766.4352,9004.2197,904.4770000000001,4401.9011,-0.8913523825639182,0.9213629247562247,1.2284211350108367,-0.2291826010566389,-0.31109535990807885,-0.27638948313759143,1.0575823732631968,-0.23114254051168112,0.77826,2.93173,0.9024000000000001,2.04685,0.4009321294184341,0.6396709365759867,0.3002519608595421,0.46076694488645775,0.5151647642413,0.21818889753694465,0.3327260204560528,0.22511026449737778,0.8400000000000001,2.91,0.85,2.0700000000000003,0.0,0.9200000000000002,0.36,0.67,1.69,4.98,2.1,3.21,-0.0004904904904904906,8.008008008008015e-05,7.007007007007013e-05,-0.0002802802802802801,0.06957957957957958,0.11607607607607609,0.041751751751751755,0.07727727727727728,68.0,75.0,48.0,68.0,778.26,2931.73,902.4000000000001,2046.85,7.3203029087886895,7.394145993074061,6.135874448238196,6.775282869476887,0.6348323661307306,0.7524527198435835,0.47366319892244596,0.7107671846838268,0.2404730761439735,0.1376509770335046,0.3801971400769597,0.1457852003647604,105.19628456697102,203.71280355215083,121.53268435109412,219.80496286694773,-86.8649289915084,200.5315965007277,-121.51847091847387,216.45153792643342,-59.335844124739175,-35.86063490718659,-1.8586530657161966,-38.248574224695446,1.5953020819461128,1.518543576107928,1.6969340760507747,1.5237605808653796,0.7814853420324801,0.7758436648157045,0.7637652362361059,0.8090392662163066,-0.5460115182331977,0.10494725277007766,-0.13201579912000191,-0.004085988000097162,1.1570504295704294,2.815570689310689,0.9709864135864137,2.0501076523476525,-0.0007583391983391983,0.00023255117255117257,-0.00013731013731013735,-6.521826521826575e-06,29
248,6435.8184,2144.1216,4283.7402,3590.3819,-0.951855455988647,-0.4077906283097841,0.8025019983207047,-0.6787261779855913,-0.12168434182714416,0.7759334907875898,0.7331396125989507,0.20067206757235265,2.3886000000000003,1.27282,1.9068600000000002,1.83927,0.854639362538375,0.7239135636248294,0.8047516016759457,0.4554862973789662,0.35779928097562375,0.5687477912232911,0.42202972513763237,0.24764515127140996,2.39,1.03,1.73,1.77,0.26,0.24,0.06999999999999999,0.78,4.15,3.8000000000000003,4.89,2.98,-0.0003103103103103099,8.008008008008015e-05,0.0009209209209209213,-0.0001501501501501505,0.09848848848848848,0.1209009009009009,0.0756956956956957,0.09644644644644645,80.0,81.0,62.0,75.0,2388.6000000000004,1272.8200000000002,1906.8600000000001,1839.27,4.610859212762104,6.719162578454917,3.767986115878112,8.546923524625452,0.498145617419837,0.6053564001133457,0.3851873891782352,0.8655471530485814,0.3172027984060346,0.2631205970533719,0.41084274530619513,0.08816163750173711,464.119251058354,399.9107506965888,75.52379699487304,217.0211329900522,198.03500099812277,-196.02590726289617,73.48340083381116,-121.70526307278537,-419.74851707021065,348.5720186768692,-17.436562574665786,179.68305736677019,1.4598125721073147,1.3870344966392822,1.5871304928436696,1.4181329759576509,0.9185179053404132,0.8534386257790119,0.9235442172603533,0.7358048724332423,-0.3986731390365831,0.4167444968200765,0.2775625630903208,0.38711371079692325,2.978157542457543,0.7508050749250749,1.5203603796203797,1.5341714085914084,-0.0011802953802953805,0.0010450749250749253,0.0007737730137730138,0.0006108079908079909,33
249,2969.3931,10073.1977,4117.1230000000005,6666.8616999999995,0.39745755444829234,0.15241322196198404,-0.24683337008274364,-0.22574075508931646,-0.5998054127509467,0.31696912358739054,0.38718224141431845,0.16540445716330393,1.65631,3.1314300000000004,1.95522,2.5525900000000004,0.4754264232244565,0.517053048632343,0.542436864160245,0.3887749887788565,0.2870395174963965,0.16511723034918327,0.2774300918363381,0.1523060847135092,1.71,3.11,1.915,2.55,0.0,1.67,0.7,1.6099999999999999,2.71,5.01,3.3899999999999997,3.77,-0.00021021021021021028,-0.00015015015015014963,0.0002902902902902903,0.00032032032032032015,0.11842842842842845,0.16427427427427427,0.07036036036036035,0.09621621621621623,75.0,80.0,60.0,66.0,1656.31,3131.4300000000003,1955.22,2552.59,10.202625820399685,12.665081337088987,5.324171712877518,10.129368694008466,0.9086330422366885,1.199524758172944,0.5680564179509905,0.9966892358752655,0.04996863383544614,0.021262470795468502,0.2920597057522194,0.03783457178708449,145.0470621181512,141.04996511902016,253.86114053755372,54.03785890041968,-144.42676080310838,84.75612322108545,124.44861325813696,-48.711817948018655,13.400037053251921,112.74525372098367,221.26459575167976,-23.393353473599163,1.7005703914532062,1.338359308019976,1.6652030424824475,1.5237301224109108,0.5309119621343611,0.4685948367104647,0.8519394193680732,0.5357601091976134,-0.059618357136716774,0.2153082131891325,0.5491224991677058,-0.032492181001637865,1.7053544255744255,2.9388008391608396,1.4398195804195804,2.5744476523476525,-9.818703818703818e-05,0.0003856439656439656,0.001031832671832672,-4.3759063759063735e-05,36
251,810.8435,9749.9824,318.6494,4824.7708,0.25870653112569686,0.5184592633207039,6.825263562592417,-0.09131743682471738,0.9686804847043149,0.4303211291192313,2.462524605829628,0.09298591184782197,0.6458299999999999,3.0891800000000003,0.2958,2.1776,0.6274927179657147,0.4549168359161925,0.48078244560299827,0.28780034746330657,0.9716066425618426,0.14726135606089397,1.6253632373326512,0.1321640096727161,0.45,3.06,0.09,2.1799999999999997,0.0,1.88,0.0,1.36,2.8499999999999996,4.59,2.65,3.1,0.0011611611611611612,-0.0008808808808808813,0.0004404404404404404,0.0004904904904904907,0.09623623623623624,0.1178978978978979,0.034694694694694696,0.07952952952952952,65.0,79.0,43.0,76.0,645.8299999999999,3089.1800000000003,295.8,2177.6,7.205104006251289,10.418420179038115,3.7070860192551054,11.257750716501716,0.38296519963876346,0.9873398557012186,0.14739653223734325,1.090841312865409,0.2746092967228204,0.03930155128953583,0.27660969166468163,0.011520836993083705,29.76105987905595,80.40520837505295,52.28156135588956,37.82467669884073,24.77285320818124,67.1758158319223,52.14293732709632,35.82567101732917,16.493223731298205,-44.18605324252599,3.8047003445933507,12.133732464906497,1.8500112806431332,1.4582612567188318,1.7670274188222006,1.506391366944859,0.7171048281187965,0.5924267172731795,0.9204909593880367,0.5255833342397229,0.3273896372705315,-0.24117331088219165,0.29087930293365205,0.055849030032680234,0.29036245754245743,3.2790199400599405,0.05381538461538454,2.149787932067932,0.0007116467316467317,-0.0003800599400599402,0.0004844536844536846,5.56798156798157e-05,35
253,10418.366,2126.1336,8486.587599999999,3254.4928999999997,1.8863944964012656,0.29210043139351516,1.0804904077116455,-0.14488646008008788,-0.8394601537268145,0.3448367386380541,-0.781420848731044,-0.08332232541185358,3.207,1.4443599999999999,2.9026199999999998,1.78569,0.36539978106178445,0.19989444814701582,0.2477594309002182,0.25652314495967027,0.11393819178727299,0.13839655497730194,0.08535717072858942,0.14365491488425777,3.24,1.44,2.93,1.79,1.54,0.9,1.8299999999999998,1.02,3.9800000000000004,2.1500000000000004,3.51,2.55,0.0008608608608608603,0.00013013013013013004,0.001001001001001001,-9.009009009009017e-05,0.11363363363363364,0.08113113113113113,0.08472472472472474,0.094984984984985,85.0,86.0,74.0,77.0,3207.0,1444.36,2902.62,1785.69,12.43191874926319,16.52182040341178,13.891239663483464,14.870253504381555,1.193436205394533,1.5412390825013595,1.3053203445473194,1.2712305947876708,0.009840137762589407,0.00038734138234630677,0.015406186139914624,0.010124778616463992,81.59404166494026,2.641283877859161,32.73939296035228,25.994157546073964,-79.88721210011303,-1.9771595630227092,-1.745580645280469,-23.37910667104955,16.601836587906774,-1.7513482194545373,32.69282489512319,-11.362816455166419,1.3181640951778333,1.2012173723898445,1.345452092250421,1.2953162209272935,0.4644103626651273,0.255704557114035,0.2695784403512543,0.2943848265030612,0.18927534531085566,-0.1032686726644682,0.28633153356991026,-0.15195920304606686,3.0873290709290706,1.4800787012987011,2.779868811188811,1.8531396803196802,0.00023958143958143958,-7.150891150891153e-05,0.0002457481257481257,-0.00013503439503439506,28
255,4113.2649,22155.7174,491.5282,9460.8463,2.6344583474984993,-0.39341430823038603,3.315938383156197,-0.22987255228162073,-1.5990709704108999,0.1490637994066048,1.2957107759182214,-0.212965744064188,1.96155,4.67356,0.6730600000000001,3.06557,0.515350848936916,0.5599592185150629,0.19626114337789843,0.25125062208878207,0.26272633832271214,0.11981427830498868,0.2915953159865367,0.08195885988210416,2.06,4.64,0.64,3.0700000000000003,0.14,3.13,0.15,2.2,2.87,6.33,1.74,3.67,0.0016516516516516516,0.0005105105105105112,0.001151151151151151,-0.0007107107107107107,0.09776776776776777,0.15430430430430428,0.040990990990990996,0.07894894894894894,79.0,75.0,57.0,73.0,1961.55,4673.56,673.0600000000001,3065.57,7.754252594469383,10.738152959439047,8.85240480968064,12.503374186926514,0.7416484333675953,1.0328294810607483,0.8262702854981778,1.1178780793371137,0.24046680411367216,0.02596060805028344,0.05274034832508434,0.023748963853501337,166.37219190578784,137.2422406129389,20.050533031255267,47.18721755282,-163.97826501049877,34.50529318265785,-3.574647919224491,-43.89301323247641,28.121785926269702,-132.8337959663829,-19.729312382621007,17.321572958331874,1.6441041850504485,1.503465295388443,1.5865523527278962,1.4554406836137426,0.7625283951646692,0.5090515415002418,0.5835465972983358,0.36257283270981405,0.3707751050085688,-0.32798793167364404,-0.0011338668225069524,0.0771113010818135,1.630921798201798,4.99135026973027,0.673445054945055,3.032046333666334,0.000661918321918322,-0.0006362167562167563,-7.708807708807793e-07,6.711444711444709e-05,29
257,2746.4024,2650.2857000000004,857.4393,1897.5931,0.04146405459720004,0.4100482715754725,2.653931574191849,0.6311364718794232,0.6156696763347584,0.61816150660676,1.0279888595046873,0.05423572489456328,1.613,1.59577,0.90383,1.3569499999999999,0.3803069812664501,0.3221859821593733,0.2013222071704957,0.2372336348412678,0.2357761818142902,0.2019000120063501,0.22274344419912562,0.1748285749963284,1.56,1.565,0.8900000000000001,1.355,0.76,0.8900000000000001,0.45,0.55,2.8000000000000003,2.65,1.75,2.16,-0.0003603603603603605,-0.0005305305305305305,0.00015015015015015006,9.009009009009017e-05,0.08802802802802803,0.09032032032032031,0.052642642642642644,0.07384384384384385,71.0,75.0,74.0,85.0,1613.0,1595.77,903.83,1356.9499999999998,9.569553692904105,11.516510333137202,10.62728905868571,12.40395307218253,0.8551613955548177,1.087185988975215,0.933158183131075,1.1997873152330116,0.07473041843466444,0.046426717135789275,0.11263022747650986,0.026541080606739875,55.8550395518011,96.47356998451447,19.35608721221746,24.34550476857431,-38.39438932354548,51.190085247998226,14.446053395780751,18.22061206071065,40.56668968261129,-81.77239679659442,12.882920998485544,-16.146606410319162,1.5951810623402183,1.4070939707665393,1.4349507902254948,1.4150061732679486,0.6310761445296249,0.5788613595078826,0.6029347315395501,0.4935906154768001,0.014597060930933195,-0.229840838814421,0.2747934551331215,0.09502336862774524,1.6033943656343657,1.7239027572427572,0.8081052147852148,1.3179438561438561,1.9230499230499233e-05,-0.00025652203652203656,0.00019164121164121165,7.809037809037808e-05,34
262,1848.9538000000002,9354.8714,1827.4692,4913.752700000001,0.14303326473675337,0.05505621578538644,0.7652022454967717,-0.39699529141197853,-0.5471071666416583,0.24482276998933244,1.0320684998197305,0.010709616768432106,1.31164,2.98466,1.3068000000000002,2.18975,0.35854471185613657,0.6683383008626694,0.3460389573444007,0.34459779090992443,0.2733560366077099,0.22392443389286198,0.26479871238475716,0.15736855390337912,1.34,2.9749999999999996,1.23,2.19,0.11,1.1300000000000001,0.63,1.29,2.12,5.5,2.53,3.25,0.00021021021021021022,-0.0013813813813813812,-2.002002002002026e-05,0.00041041041041041057,0.07702702702702702,0.13397397397397398,0.05647647647647648,0.08419419419419419,74.0,83.0,67.0,80.0,1311.6399999999999,2984.66,1306.8000000000002,2189.75,8.812920230270715,8.011958710391763,6.7199996987197315,9.893892326719952,0.7891670276389683,0.8219561471467184,0.728010407228888,1.0260777875294198,0.08271329271647954,0.07483205247029368,0.20868293116400416,0.045155618810643894,56.8916442989043,294.7512691084069,147.1530383483469,96.70351222453702,-56.62963332702286,47.61981238253459,110.68763155750602,64.75433609434499,-5.453789533892248,-290.87912284945565,96.96527685382972,-71.82231709950459,1.5890643396700226,1.4679076007157144,1.5885331578605928,1.4744344312888624,0.6128072889901413,0.7702846035221363,0.7981160369128765,0.6546203099309582,-0.36489038674628893,-0.6302893857493062,0.5209719202419816,-0.22838866185041923,1.538016883116883,3.713551148851149,0.9948638961038963,2.32593000999001,-0.0004532069732069732,-0.0014592415392415397,0.0006244967044967045,-0.0002726326526326527,34
263,1157.3132,9797.7696,5223.0089,7475.0403,0.36283034191895114,0.4049640852643681,0.21424007922459243,-0.11636880310202757,0.6298526819896243,0.6282330043660211,0.4503476572569087,0.34445876045858637,0.9968199999999999,3.06392,2.21477,2.7029099999999997,0.40455294783254264,0.6404403435137421,0.5637399640791844,0.4114824806720208,0.4058435302587656,0.20902645745115478,0.25453657223060827,0.1522368412829213,0.96,2.99,2.19,2.67,0.05,1.62,0.7100000000000001,1.48,2.49,5.47,4.26,3.95,0.0,-0.0010710710710710714,0.0014914914914914918,-0.0008108108108108109,0.12128128128128128,0.1410910910910911,0.10953953953953954,0.10073073073073073,74.0,77.0,58.0,73.0,996.8199999999999,3063.92,2214.77,2702.91,12.083902865356476,8.876495572308883,8.01613450780264,9.7338505646808,1.0148216080527823,0.9417029864017717,0.7063678487369672,0.9866790605997259,0.06225805971247578,0.061261016448566075,0.13681120931058555,0.07876268413024068,83.16158807871238,17.292352188366994,25.72323115122976,15.510023016825667,-62.46019532050077,-15.476109608178898,-6.268644780029727,5.979662317701774,54.905133933889374,-7.714627379345909,-24.947719604833694,-14.310990620803278,1.5602812027960078,1.4013981285996426,1.848358182304187,1.4673203438942668,0.33443908032749664,0.7150387918261857,0.5665913694803932,0.6350667782768115,0.16091398466612575,-0.20565179059763972,-0.18968695352343298,-0.20719675827180692,0.8841792607392607,3.2918164235764236,2.3998001998002,2.8504333066933065,0.00022550698550698555,-0.0004562490962490963,-0.0003704308304308304,-0.00029534195534195536,31
264,884.8943999999999,7994.589800000001,7266.0761999999995,4593.4535,-0.5863439703464008,1.1082336863712459,-0.1402317573304499,-0.33205905397937574,0.2285085280994233,0.4772348992073378,0.52999910194507,0.10298207738838319,0.81196,2.80808,2.5936,2.11471,0.47498985083894163,0.33056998290830947,0.7343808548702777,0.34850411174044993,0.5849916878158303,0.11772099901295885,0.28315116242684985,0.16479995448096899,0.8,2.79,2.5,2.12,0.0,1.8399999999999999,1.18,1.29,2.24,4.21,4.83,3.23,-0.0002602602602602603,-0.0016816816816816818,0.0002702702702702703,-0.0007607607607607606,0.08672672672672672,0.10736736736736736,0.09268268268268269,0.07853853853853855,69.0,77.0,58.0,71.0,811.96,2808.08,2593.6,2114.71,7.7921433302401155,13.24770065848606,5.230649493015818,9.227629759112137,0.6593489605352381,1.2230357731650787,0.5171667342492312,0.9078856393668029,0.18943247547495723,0.032102932415800645,0.33387721490594924,0.07432472380871502,163.4921609218151,51.09357471579563,251.6760964631976,97.37256490434712,7.749966675459156,-3.128990472442071,-50.05048648717374,29.907196498902877,163.30837302298357,-50.997674416211936,246.64915636050728,-92.66593761262713,1.764042316891189,1.389751845089632,1.9253493577337515,1.576839000168796,0.6747206403278138,0.3865303092077672,0.8156695410115925,0.615435474744546,0.47674475650439446,-0.29657135825309655,0.480289318001684,-0.3788156086777666,0.420130989010989,2.9777163636363637,1.9832898301698303,2.3431447152847156,0.0007844424644424645,-0.00033961233961233965,0.0012218421818421816,-0.00045732675732675744,30
267,1070.5555,12972.2703,438.5568,8250.738,-0.11126871390796644,0.11691656892199775,1.2380163016933232,0.017882292306495184,0.29414115106264815,0.5257295725977222,0.09567606193833685,0.2540063192185542,0.92803,3.5827299999999997,0.63748,2.86242,0.45751045791325906,0.3692100311475841,0.1793768368547065,0.2393527597501228,0.49299102174849846,0.10305270872981892,0.28138425810175455,0.08361902157968529,0.89,3.5399999999999996,0.65,2.85,0.0,2.75,0.2,2.21,2.46,4.95,1.5,3.6100000000000003,0.00024024024024024034,-0.0007607607607607606,0.00023023023023023022,-0.00042042042042042034,0.09991991991991991,0.12322322322322322,0.03384384384384385,0.07165165165165166,70.0,74.0,64.0,76.0,928.03,3582.7299999999996,637.48,2862.42,9.51629161707877,13.667254862196938,7.819319062551144,12.081382719498285,0.7131852652744096,1.1548842731180333,0.799108385110948,1.2295319269200158,0.13406439938842407,0.020797456586729268,0.05762667149356471,0.03401483863059607,191.29589160954663,83.20914574249335,36.17940920541379,18.328052415138107,-165.88116791764767,-74.51020975843119,-20.849685252434647,-4.925164583355036,95.27621044609504,-37.040391155468186,29.5675544360231,-17.6539020944072,1.82289274312857,1.3685836624939829,1.5076477202934369,1.3381280496587642,0.5943126819535404,0.3320228211645428,0.7320793961858535,0.5369491637520253,0.19177439715212538,-0.2612441389074291,0.14894535920642712,-0.18616442629540714,0.7762138461538461,3.7496261738261736,0.5912504495504496,2.939521258741259,0.000303936243936244,-0.0003341264741264742,9.255165255165257e-05,-0.0001543568743568744,24
268,2811.8208999999997,281.7875,2052.5785000000005,1036.5169999999998,0.21266625240783288,-0.5132951406672488,5.457853356715317,0.49249966454040406,-0.1675295806597494,0.4603910719409716,2.1653941111632524,-0.6151580501180912,1.6276700000000002,0.43735,1.20247,0.97096,0.40312686725148944,0.3008529167217762,0.7788738017804939,0.3061922245910239,0.2476711294374716,0.6878996609621041,0.6477282608135704,0.31534998824979804,1.6400000000000001,0.41000000000000003,0.965,1.0,0.30000000000000004,0.0,0.21,0.0,2.79,1.31,4.7700000000000005,1.77,-1.0010010010010242e-05,-0.0008808808808808809,0.0002602602602602603,-0.0006206206206206205,0.09964964964964965,0.07341341341341341,0.0746946946946947,0.06094094094094094,79.0,66.0,50.0,78.0,1627.67,437.35,1202.47,970.96,9.9826855611801,10.161519667772303,4.296883191385942,7.9589392879884695,0.8959356308150854,0.7727705834346845,0.3362606036720328,0.7865204730300743,0.0990000253162755,0.1200429183698759,0.40935651050748323,0.18517429665019325,53.04788470066925,78.42033667427114,309.96335224573875,111.16819207106798,-53.045988988167714,-3.009410430663027,-52.493473068322615,-13.568828293679275,0.448467928271167,-78.36257176079567,305.4860308109705,-110.33700116953744,1.5901100044609984,1.3612959030090344,1.9089837068638635,1.536472869053475,0.5974634678336925,0.6229469827660671,0.8795505256251854,0.7361449840720309,-0.2088454302072814,-0.30003225331563405,0.3946567228057495,-0.41976699037735676,1.7733476923076925,0.5935383016983018,0.670590889110889,1.193356923076923,-0.00029164703164703164,-0.0003126892926892928,0.001064823044823045,-0.00044523908523908516,36
269,7562.404399999999,30969.948300000004,2630.3697,13818.7379,0.8725707115141326,-0.1036270943377322,7.688208141223015,1.2257200563804393,0.29819527253825817,0.015009550234225347,2.258998766988986,-0.6943132669219726,2.7160600000000006,5.50535,1.49161,3.69779,0.4306071021244308,0.8130619149240728,0.6367647194215458,0.3809028956308943,0.15854108603065864,0.14768578109004382,0.4268975934872693,0.10300825510126164,2.69,5.5,1.2850000000000001,3.7399999999999998,1.45,3.02,0.21000000000000002,2.27,4.21,7.82,4.88,4.8100000000000005,5.005005005005009e-05,-0.0003203203203203206,0.001381381381381381,0.00010010010010009974,0.08877877877877878,0.15287287287287288,0.05373373373373373,0.07357357357357357,73.0,79.0,61.0,66.0,2716.0600000000004,5505.35,1491.6100000000001,3697.79,8.775938263862924,7.756116944375474,3.7834865249516714,7.9924281060538505,0.7640354529625639,0.7492671946427887,0.29659822315183704,0.7936342095335722,0.1573131997527355,0.12229952427901392,0.426572423771427,0.11171834735017949,119.52356571655764,275.5518922367207,119.63848140118061,77.67196745854707,-92.8207034189784,-200.10573460913668,-101.545006487435,-58.331822356504304,75.30072893675285,189.43743107362673,63.26118785991471,51.28677246084824,1.6840680292447494,1.526601515225259,1.6899105019587743,1.499655352170248,0.6095202748348117,0.7504176739919837,0.9082838572462314,0.7322902110011258,0.3278315896620893,0.2543199358414314,0.3448372740568143,0.08500234752158412,2.471796643356644,5.147558221778222,1.1116660539460541,3.6417663336663337,0.0004890157290157291,0.0007162998562998563,0.0007606485406485405,0.00011215949215949214,30
270,411.4995,3968.2512,623.9848000000001,401.4311,0.10466225340612745,0.47710363537232237,0.5995867968108035,0.7471566413157302,-0.011047679640841954,0.08380257226955612,-0.46402941183637725,0.5619266872085664,0.57239,1.9741399999999998,0.76754,0.58421,0.28960177468378884,0.26650039474642434,0.1867274709302303,0.24521373513732872,0.5059518417229317,0.1349956916664595,0.24328044262218293,0.41973560044731983,0.59,1.98,0.78,0.5700000000000001,0.0,1.1500000000000001,0.22,0.01,1.51,3.01,1.47,1.5699999999999998,2.002002002002001e-05,0.0003103103103103104,0.00010010010010010013,-0.0003903903903903904,0.06502502502502504,0.0985885885885886,0.04402402402402402,0.07288288288288289,73.0,73.0,70.0,76.0,572.39,1974.1399999999999,767.54,584.21,9.449035894431052,14.960733973714344,9.78236487480024,11.927027334017277,0.8657125624085352,1.30406310795498,1.0001538444774627,1.2749535975763442,0.06022896276699807,0.004561527951317146,0.03192564706197665,0.026252243184600843,79.59206264981094,51.04525206450015,55.609801319492696,33.48501881882233,-62.75545779678624,43.69387459587643,-49.740138244223985,27.698538673175545,48.955581434267636,-26.390586979606596,24.8670193275941,-18.815882670432565,1.4662379080555976,1.2651253122938293,1.412969722124898,1.297530681304734,0.6555317620061341,0.34332162667763444,0.6441799332417794,0.5321336740980904,0.11090750526499342,-0.14783731306846296,0.24973067242036825,-0.27327567434304095,0.5168138461538462,2.0423123476523473,0.6868524675324675,0.7001603596403596,0.0001112635712635712,-0.00013648117648117644,0.00016153660153660153,-0.00023213285213285212,29
271,4597.990400000001,9165.7431,9337.0236,3070.4964,1.217909549151718,0.24893157750714767,2.330985416363163,-0.3819210541751157,0.32989534522444997,-0.2756347030012773,1.3385510602752928,-0.15040851003888514,2.0502,2.9971300000000003,2.9642,1.71478,0.628227952259369,0.42773223294486473,0.7419851480993404,0.36059111414453904,0.30642276473484004,0.14271394065151152,0.2503154807703058,0.21028418464440865,2.0700000000000003,3.0149999999999997,2.83,1.75,0.4,1.49,1.69,0.6599999999999999,4.23,4.2299999999999995,5.76,2.79,0.000960960960960961,0.0013713713713713715,0.00020020020020020037,-0.00010010010010009997,0.09975975975975977,0.11772772772772772,0.06900900900900901,0.07303303303303305,70.0,83.0,52.0,76.0,2050.2,2997.13,2964.2,1714.78,6.775894481117227,11.164278983129186,3.986109691362842,8.212022094272639,0.6204284708798006,1.0926075880752233,0.3958956570920136,0.8091593005485103,0.2827940487901195,0.04121456607155416,0.40997057727778774,0.07370758603963523,157.15587395490857,52.19466274266154,325.4673909809691,132.832722669116,-84.9565563604815,32.90717739302522,97.78695790999217,0.1385186674165162,132.21328318251324,-40.51420115026521,310.42991713858447,-132.832650445096,1.65446625391928,1.3908677880941323,1.7094724626247266,1.3984400957482856,0.7870300240296049,0.6249373304260141,0.9145280919935805,0.7802022180100386,0.17248553707674005,0.1391850313226882,0.5736809562374721,-0.5298932953779016,1.8627021578421576,2.894117282717283,2.227667392607392,2.0454004995004995,0.00037537105537105534,0.00020623166623166632,0.001474539754539755,-0.0006619029019029019,31
274,1047.4491,15684.1126,668.9933,3840.5171,-0.42525532314854786,-0.453157782430194,1.8177817397892908,0.0887230047395886,0.12220773663020296,0.3165574590884307,1.3436576555490356,-0.23640991975954698,0.97087,3.9343199999999996,0.78027,1.9473900000000002,0.3238217767538187,0.45303282176901927,0.24529987178961182,0.2195205865061407,0.33353773085358357,0.11514895122130872,0.31437819189461574,0.11272553854448296,0.97,3.88,0.71,1.95,0.23,2.75,0.28,1.28,1.93,5.35,1.7,2.57,0.00014014014014014016,-9.009009009009084e-05,0.0006606606606606606,0.00018018018018018013,0.08084084084084084,0.14617617617617615,0.04296296296296297,0.07325325325325326,78.0,76.0,63.0,80.0,970.87,3934.3199999999997,780.27,1947.39,10.095738845153948,13.125727697850873,7.256195473533492,13.124717145393769,0.995173384412743,1.1474996478771369,0.6936506381394718,1.2282289366232992,0.07674125942434173,0.026531288614119575,0.20740844412506032,0.029034567945218193,109.75595837135863,56.1805279807543,77.10155853149826,38.05175743228204,-28.897724592361744,56.07234429379393,54.36108703111251,-30.015913945426398,105.88338826935706,3.484814140603593,54.6765264513197,-23.387628218910706,1.5468799801172644,1.4398741480573012,1.4430528718183593,1.3345701720545307,0.6003867647966927,0.33321588470746927,0.7935579068246874,0.4736712938905304,0.38469356219068335,0.02521783934179623,0.4246328487433565,-0.1520811000418721,0.7553203596403596,3.9145519480519475,0.6000357842157842,2.0051566033966037,0.0004315308115308116,3.9575679575679536e-05,0.00036082926082926087,-0.00011564885564885563,21
275,24.5498,13640.4856,873.9236,10559.9966,6.4091775865017055,-0.3409609655049737,0.39730243971434165,1.1227529838461998,2.366206039444886,0.12218810217923416,0.7468800507633738,0.3761457683122961,0.08332,3.67564,0.9166,3.24446,0.13269354769543243,0.3607716596408315,0.18376082281052183,0.18296422710464472,1.5925773847267453,0.09815206593704268,0.2004809325883939,0.05639281332013485,0.02,3.67,0.88,3.24,0.0,2.6399999999999997,0.52,2.6599999999999997,0.83,4.659999999999999,1.62,4.19,0.00012012012012012013,0.0001601601601601603,9.009009009009006e-05,-0.0001501501501501505,0.029789789789789797,0.11701701701701701,0.040930930930930934,0.0635735735735736,43.0,78.0,72.0,85.0,83.32000000000001,3675.64,916.6,3244.46,12.489581960330241,12.911759977932867,9.583385597256855,14.024752814740866,0.24551121676225873,1.1619173800433336,0.8133686819061824,1.329680919920941,0.2867542040180586,0.015697821274232915,0.05129290021963495,0.007346650424112866,8.402967391981235,40.56413179615879,59.91920608961343,4.100234136586141,-6.449294024480368,-1.963710670946661,11.078277300557438,-3.376711833962119,-5.386693566233532,-40.516572273292695,-58.88618709393164,2.3258841684844236,1.5440301324334675,1.4097542479228866,1.517495759622522,1.2886769475221262,0.36634490366227257,0.3871242905272654,0.623259611081571,0.41405251492179246,-0.05003405717482528,-0.1581449954202412,-0.4139737658671864,0.014451353932322613,0.09480793206793207,3.774362057942058,1.0482291508491508,3.239884895104895,-2.2998862998862997e-05,-0.0001976417576417576,-0.00026352182352182356,9.159369159369153e-06,38
276,4923.8017,7795.656999999999,5239.4884999999995,3742.924,-0.40679106678697075,-0.8791622378943371,0.7913565408546046,-0.38173656246433785,-0.15165058313853588,-0.17594850321565694,0.24349332130039927,0.07153425357187344,2.15383,2.6615,2.27567,1.8597399999999997,0.533683455898719,0.8438452168496305,0.2466060646050701,0.5331895839192661,0.247783462900377,0.31705625280842775,0.10836635566891074,0.28670114312713935,2.125,2.7199999999999998,2.28,1.8900000000000001,0.63,0.53,1.59,0.43,3.49,4.69,3.23,3.31,-0.00047047047047047043,-0.0006306306306306307,-6.0060060060059666e-05,-0.00047047047047047043,0.0976876876876877,0.1240940940940941,0.07029029029029028,0.09206206206206206,70.0,70.0,63.0,60.0,2153.83,2661.5,2275.67,1859.7399999999998,7.354660268563043,6.095416717402032,11.35066459290067,6.8929611605914385,0.7700053000065232,0.6316268169355308,1.1433623343237318,0.7418384219978422,0.15857356644445275,0.21997538949353146,0.045786634707673635,0.15482818695528877,208.73287301979965,249.90932521345127,30.24747270737527,109.91126206000786,-166.78867808906986,-236.7352308618461,8.435291217682337,-106.12041077699456,-125.50278538901209,-80.06935304741118,-29.04746920570367,-28.617196650714334,1.52402148738135,1.537447564660194,1.440164165749306,1.5362095669746516,0.7899497600738833,0.8195931066684549,0.5007778418637189,0.7791714898664903,-0.3300812215424112,-0.08859382150016044,-0.06857273980389383,-0.004928452461121512,2.458641178821179,2.7908577822177825,2.304930489510489,1.8642869330669327,-0.0006102325902325903,-0.0002589745389745389,-5.857955857955857e-05,-9.10296910296902e-06,33
277,80.6932,18101.6151,1163.2811,3737.4202999999998,-0.09332236983680264,-0.07165504414132107,2.7966941954983535,0.6765302778420752,0.9056802524745275,-0.008648317296968097,1.5437294432746655,0.06370888920363316,0.19820000000000002,4.20145,1.0396500000000002,1.92025,0.20349437338658777,0.670397641329383,0.28706963876383723,0.22374145235069873,1.026712277429807,0.15956339866697994,0.2761214242907105,0.1165168349697689,0.14,4.195,0.97,1.9100000000000001,0.0,2.29,0.5,1.1099999999999999,0.9,6.2299999999999995,2.28,2.7199999999999998,0.0003503503503503503,-4.004004004004007e-05,0.0002802802802802803,-0.00010010010010010019,0.04811811811811813,0.15463463463463464,0.050210210210210215,0.07785785785785786,51.0,73.0,70.0,74.0,198.20000000000002,4201.450000000001,1039.65,1920.25,11.109762722429608,9.235554816552895,7.657943336718015,14.055106063233067,0.3315200401305092,0.9714781831522361,0.6265958074615158,1.2642640853692144,0.19518395118125742,0.04317990615592304,0.18435496327257095,0.024282706531966625,40.17996376059243,286.63966822061207,93.76172178543145,70.90517657808992,39.59069265915079,193.60284941476533,72.17945158567636,-37.972430236832935,6.856131749841493,211.37699992219177,-59.84469267161167,59.88020213291676,1.5708002963351508,1.4175515421391343,1.7221611255873657,1.349602215336393,0.4817021832598611,0.6702693023691032,0.6734866674644536,0.4186578769478727,0.1749233306413258,0.39550942305008147,-0.25497067184365085,0.36918247469250043,0.13660769230769232,3.742658201798202,1.1662996003996005,1.7773231368631368,0.00012330792330792333,0.0009185020985020983,-0.00025355275355275344,0.0002861398661398663,29
279,4427.7366999999995,32575.7111,14647.872599999999,5935.4002,0.4374866571442988,0.1106817302540124,-0.3079768282244655,0.021212087386393463,0.32032164329951685,-0.15617021819950405,0.5074340026576657,0.17797658911007277,2.0204100000000005,5.671209999999999,3.7258599999999995,2.39662,0.587945687882818,0.6427194068176252,0.8751227687587612,0.4377359656231139,0.29100315672700977,0.11333020763075698,0.23487806003412937,0.18264721383578286,2.01,5.6850000000000005,3.58,2.39,0.42000000000000004,3.7099999999999995,1.9000000000000001,1.23,4.34,7.52,6.17,3.64,0.00044044044044043993,0.0008808808808808817,0.0007107107107107098,0.0004004004004004003,0.11891891891891891,0.18254254254254257,0.10437437437437437,0.10376376376376376,77.0,76.0,68.0,72.0,2020.4100000000003,5671.209999999999,3725.8599999999997,2396.62,8.096914877110265,11.52992422041036,5.040432927877233,9.615906135841628,0.8053087803751984,1.0511114075136925,0.502762962669483,0.9141245543289935,0.10286935076985415,0.04370863398776503,0.3090014871890281,0.06485286832241943,57.93928277381745,93.78968206130088,148.1567979321382,67.6490600514206,-38.820880515910204,-43.77594413087001,-12.374963553713073,3.7486140617820194,-43.01046063824245,82.94679726554156,-147.6390769767567,67.545119871509,1.6867669600249224,1.5561749673934313,1.8926256885671953,1.6051402131193646,0.729035743635106,0.45771704707382943,0.8369104930672127,0.5821965325454462,0.15622631491324127,0.24127139350205248,0.015661567341760982,0.18463768204365522,1.861475664335665,5.40288967032967,3.702144595404595,2.256771148851149,0.0003181868581868581,0.0005371778371778372,4.7478287478287596e-05,0.00027997767997768,33
280,550.6363,11046.6945,961.3637,10398.0654,0.5073035269291974,0.03569624166722685,3.0047219282756745,0.4130448860183735,0.5711828430207924,-0.20326241941627635,1.3795361323204345,-0.5870484014711081,0.65377,3.3010300000000004,0.9461300000000001,3.2126399999999995,0.3510286129363246,0.38716332354705296,0.2572969550927488,0.27750609074396904,0.5369298269059831,0.11728561192932295,0.2719467251780926,0.08637945451216728,0.64,3.31,0.92,3.24,0.0,2.06,0.42,2.2,1.92,4.4,1.93,3.81,0.0007707707707707708,0.00019019019019019014,0.00017017017017017033,0.0007107107107107107,0.09826826826826827,0.11626626626626625,0.041751751751751755,0.08127127127127128,77.0,83.0,57.0,79.0,653.77,3301.03,946.1300000000001,3212.6399999999994,12.400401071539344,12.454321459922474,6.730035884422568,11.779777771822891,0.8437545298259717,1.1115060485353154,0.635936686099184,1.1256552008976821,0.08366765726559677,0.02485758366407076,0.21885332964600135,0.010652925870573426,68.7569517944425,17.54145563385908,27.746043168385732,5.302500320253201,-56.3633602769507,11.962529652817931,3.0016083254037005,4.458600758024833,-39.37880189078821,-12.829674589018156,-27.583206103765235,2.8700851776255156,1.7295079742304007,1.4566264439962424,1.6290719763520152,1.4294306830106227,0.3656264821128368,0.42493466860390927,0.788935447599077,0.47208235387076675,-0.038830568081294564,-0.14513986161706738,0.18264650555965137,0.051950673022769685,0.6773553646353646,3.3982615584415585,0.8648146853146854,3.187694625374625,-4.721794721794724e-05,-0.00019465777465777452,0.0001627934227934228,4.994068994068994e-05,31
285,576.5738000000001,8892.513600000002,4139.901099999999,8630.4473,-0.6587880360509195,-0.5389648674069982,-0.4616506167142518,0.2030245636866015,0.46112720133570656,-0.021414629048058312,0.45165477344650395,-0.133642303253033,0.62124,2.92384,1.9629899999999998,2.9031499999999997,0.4366172951223989,0.586236517456905,0.5353236029730055,0.44963026755324204,0.7028158121215615,0.20050225643568215,0.27270826798557585,0.15487669171528928,0.5800000000000001,2.925,1.8850000000000002,2.92,0.0,1.37,0.95,1.5099999999999998,1.93,4.34,3.59,4.21,0.00041041041041041046,-0.0009009009009009004,0.00023023023023023022,-0.0010110110110110107,0.10585585585585586,0.1536936936936937,0.11812812812812813,0.1121021021021021,64.0,78.0,66.0,73.0,621.24,2923.84,1962.9899999999998,2903.1499999999996,10.39991297121387,10.423852217365267,9.402831039397327,10.238336735008652,0.8094372158126669,1.0504080893830285,0.7544113633105433,0.9953923019904634,0.11158429831932004,0.020975032229416435,0.13140977609664173,0.04584566400159851,19.772125691790382,89.93509150170266,51.57641842966593,62.00330722764004,1.0779121419305926,-2.293601905921741,46.843895091959716,-5.005389209369563,19.742721691454697,-89.90584004232862,-21.58185419850333,-61.800940009257516,1.6828064951059223,1.5078385108377683,1.8896130794889112,1.58054374693952,0.4472171423783209,0.5979469753784096,0.4547250760231428,0.4864946553043816,0.15132589125235194,-0.30840884239320515,0.033525159736903086,-0.23740765879570774,0.5069151848151848,3.2366826973026974,1.9319362837162835,3.0878541258741254,0.00022887850887850887,-0.0006263117063117062,6.216960216960217e-05,-0.00036977802977802973,28
287,270.7912,9080.9907,654.9172000000001,4481.126700000001,-0.1734531716400598,-1.0092954838732735,-0.6305313668825758,-0.2823414697465285,0.7569630089743677,0.15492450962551987,0.4699021448492183,0.4936827184621605,0.38671999999999995,2.8680299999999996,0.73154,2.0576899999999996,0.3481936840323213,0.9248754614000742,0.3460728657378385,0.4970297414642307,0.9003767170881293,0.3224776105550061,0.47307442619383566,0.24154743497039435,0.31,2.825,0.66,1.96,0.0,1.19,0.08,0.92,1.49,5.05,1.67,3.65,0.0,-0.00021021021021021017,0.0002702702702702703,-0.00015015015015015006,0.0574974974974975,0.1397097097097097,0.046216216216216216,0.0933833833833834,57.0,76.0,52.0,72.0,386.71999999999997,2868.0299999999997,731.54,2057.6899999999996,7.427014220667488,6.183245870060196,5.608064071935947,7.64576187651613,0.4078857689836402,0.609707606286908,0.5469560573231356,0.7726503101704256,0.17255750314711005,0.23225135921774953,0.32638718194618743,0.0824093625226352,72.754622573348,96.67507430509093,85.55081485628853,91.31860197830112,-9.22990196893134,-38.01010860395529,50.92782275008744,-32.24801493896035,72.16677916766298,-88.88926614507726,68.74080878568881,-85.43507827448846,1.6488753393635784,1.5283752018071333,1.7003545932083588,1.5686693162832468,0.7323786861852376,0.8340686019471234,0.8102869368359665,0.7579079147717972,0.1662080471023714,0.1174172483193713,0.15057358706421684,0.0032268944802121054,0.286581918081918,2.680123636363636,0.6413740259740259,2.0549148051948047,0.00020047664047664047,0.0003761889161889163,0.00018051246051246052,5.5559455559455766e-06,30
289,526.9459,21894.0113,1728.205,9961.48,0.05898061763184215,-0.4590306451521955,0.47976680045843434,-0.3042705994539605,0.6855159448397837,0.07695129348113298,1.061790380942618,0.24579553923075137,0.6190699999999999,4.64415,1.24772,3.1471400000000003,0.3790755005272696,0.5708608214792814,0.41400459127888906,0.23872540794812772,0.6123305935149009,0.122920409866021,0.33180889244292716,0.07585471505815683,0.56,4.63,1.13,3.13,0.0,3.18,0.68,2.58,1.97,6.48,2.6,3.9299999999999997,0.001151151151151151,-0.000650650650650651,0.0008808808808808809,9.009009009008994e-05,0.09290290290290289,0.2014914914914915,0.06322322322322323,0.0851951951951952,70.0,86.0,59.0,84.0,619.0699999999999,4644.15,1247.72,3147.1400000000003,10.296605812866044,14.560546395102197,6.446806055586018,14.295490832333217,0.796319342927252,1.1500075592078969,0.5359642564976538,1.3104650834789635,0.07991041321340298,0.01679385138000189,0.3329941868839539,0.02624804661633462,28.048762274702344,138.1274425661372,140.8942298921702,48.6524562912751,-10.853283092895527,-83.93163761870288,135.57238168688522,-6.402762547157665,25.863861104797046,-109.70264626026244,38.35770249445626,-48.22930784221508,1.7272929325601065,1.551984843109064,1.739085920539786,1.4509961475152908,0.4705051444981125,0.224320737390462,0.7625371978852439,0.27842273054514177,0.24171020483275474,-0.33855123120484326,0.25550348848981286,-0.2391636951937642,0.46052701298701293,4.978561318681319,1.0646874525474526,3.2459316483516485,0.0003174033774033774,-0.0006694921294921295,0.0003664315264315264,-0.0001977810777810778,29
290,1001.2111,6237.3055,55.3531,1768.9646,0.38074222002703895,0.879582373644773,-0.2868706229393907,-0.4689416646588005,-0.4753965323723825,0.32014349575373957,0.2620100276494686,0.08259517678602094,0.94549,2.46551,0.20837,1.30644,0.32750535858211544,0.3982033901161566,0.10924762285743338,0.24935742699987903,0.3463869089912272,0.16150954168352857,0.5242963135644929,0.1908678752946014,0.97,2.45,0.2,1.295,0.0,1.17,0.0,0.64,1.77,4.109999999999999,0.53,2.02,-0.0005605605605605606,-0.0004904904904904902,3.003003003003003e-05,-0.00012012012012012023,0.08554554554554555,0.13796796796796795,0.03294294294294294,0.07655655655655655,76.0,87.0,61.0,77.0,945.49,2465.51,208.37,1306.44,10.598985564126277,14.001571087760857,12.469966594090751,12.430271895589799,0.9918759989204797,1.328143489874145,1.035480747864982,1.2820379029851983,0.06752252098563627,0.004561527951317146,0.10895221869079119,0.022362697469502812,60.01808105740424,72.04458901296115,8.04145224523875,40.127432420048315,-48.0077483632098,18.406648234365484,-3.3238893814634247,13.599067487630215,-36.01980220528526,-69.6535577470585,-7.322343449487331,-37.75283030571911,1.5206272186903145,1.330786590620226,1.369463221586729,1.3289968129945837,0.5334750579901616,0.3947709081753439,0.4518251786122172,0.48560597028643965,-0.30723825128328813,-0.41693769520569907,-0.18189284743645737,-0.35948097633751297,1.1195985214785216,2.752788051948052,0.24275380619380618,1.4615445554445554,-0.0003485656085656086,-0.0005751312351312351,-6.883644883644883e-05,-0.00031051963051963047,30
295,3676.3665,25558.309200000003,3648.8359,13490.5538,1.9463857378396212,-0.2530055326387113,3.8433830187830265,-0.5275676930249484,0.912075216863134,-0.24889644878915465,1.6636913914932059,-0.009370325023382454,1.87287,5.02178,1.81899,3.65334,0.410760834428016,0.5831250565702009,0.583190603405096,0.3790259152089736,0.21932159435946755,0.11611919609584667,0.32061231969669757,0.10374778017074064,1.8699999999999999,5.06,1.68,3.645,0.99,3.35,0.83,2.55,3.58,6.45,4.619999999999999,4.58,0.00046046046046046044,-0.0011011011011011012,0.0,-0.00020020020020020037,0.08522522522522524,0.14264264264264265,0.06826826826826828,0.0793993993993994,66.0,73.0,61.0,66.0,1872.8700000000001,5021.78,1818.99,3653.34,8.352877250570161,9.769802718978505,4.8246943403947276,8.443271592021045,0.7878406430020579,1.0086254344141812,0.48320631879342163,0.8889483011821401,0.1672509349306237,0.03401483863059607,0.34726583097693275,0.05853953053229066,104.08028692693888,76.48657736221308,215.74291644135434,34.39636162087684,64.2722802130654,7.246442624324636,115.79959535194195,-34.06885935160959,81.86440082848664,76.14253466938291,182.03147999988272,-4.735241834835126,1.55684254558252,1.4051802612819104,1.7708458612757059,1.4822736276184023,0.6762564541908226,0.6021367940791699,0.868834175401258,0.6846741365466231,0.34181086521781406,0.16574146029770773,0.5384318766707062,-0.08145085564936784,1.6299287712287711,4.854548071928072,1.2756550849150852,3.706758401598402,0.0004863688263688265,0.0003347986547986548,0.0010877575877575878,-0.000106943746943747,28
296,1072.6622,23149.839200000002,739.6119,11741.190299999998,2.8559267044492027,1.4792618437474228,5.369245687397246,3.46597803783463,1.588632465908841,-0.6902679671012587,2.092757841736379,-1.1962575339899106,0.91,4.7717,0.6860700000000001,3.40941,0.4945323043037735,0.6170237515687707,0.5185748307621573,0.3422188654939993,0.5434420926415093,0.1293089992180503,0.7558628576707292,0.10037480546311513,0.8300000000000001,4.8100000000000005,0.55,3.45,0.17,2.31,0.04,1.83,2.8899999999999997,6.34,3.46,4.28,-0.0003503503503503503,9.009009009009084e-05,-0.00014014014014014005,0.00021021021021021017,0.08333333333333333,0.14879879879879881,0.044504504504504515,0.06755755755755759,78.0,77.0,60.0,75.0,910.0,4771.7,686.07,3409.41,7.016614147217058,9.740683280499923,3.7804748969721023,8.021541840201081,0.6830661596746869,0.9359232361709963,0.29064757116377843,0.8587169580149433,0.16327393111063326,0.08070497054645731,0.4236332537819818,0.12750345467200397,176.70439053944563,113.3658874971461,231.54875342656513,102.7488549337278,32.76240942244235,-17.483605036728335,98.67922739672194,-30.95022989124876,173.64062360160187,-112.0095888883415,209.46893634566032,-97.9765811807653,1.6374912183436172,1.4917418013174746,1.6607060967018017,1.438218786563434,0.7934379254975443,0.612448445771313,0.9201880548214555,0.7446275838256211,0.45332175893487436,-0.2876313385090062,0.6785223588340106,-0.382720866616615,0.5220930469530469,5.078789110889111,0.07723174825174839,3.6360374025974025,0.0007765904965904967,-0.0006147930147930148,0.0012188953988953987,-0.0004537085137085137,30
297,5512.1618,5237.103300000001,5426.9394,2528.307,-0.11816112187471894,-0.014090419309698898,-0.7184883714410022,-0.05586894243864737,0.04631380400728058,0.5354893396295106,0.5747507629254489,0.3814808974025813,2.3108199999999997,2.12767,2.15578,1.4619000000000002,0.41505749914921425,0.8426883594188305,0.8829224153910694,0.625424168065162,0.17961481168988253,0.396061588225068,0.4095605374347426,0.42781597104122165,2.2800000000000002,2.0300000000000002,1.9300000000000002,1.4,1.25,0.21,0.81,0.0,3.57,4.66,4.54,3.13,0.0002802802802802803,0.0030830830830830833,0.0007807807807807808,0.0009109109109109111,0.08332332332332332,0.15673673673673674,0.08416416416416415,0.08663663663663665,67.0,76.0,65.0,71.0,2310.8199999999997,2127.67,2155.78,1461.9,8.388948621204536,7.699100848621754,4.355353074727833,5.812555865288123,0.7903011221595827,0.7627777796898724,0.3377521433852108,0.5802583516033987,0.14968091151842078,0.1481852560571575,0.35189996304060767,0.2846731542083054,120.32172428760711,301.673713804652,190.38513732783684,269.9107271861795,-117.34591725034495,292.90166371863324,-182.09495501835084,258.50081276350494,-26.594229453363326,72.2194225367924,55.56912696996483,77.64747549521218,1.5835811864814362,1.6091913367612045,1.9489071570949827,1.6212127943398271,0.6725440552678682,0.702235619838903,0.8759694583495767,0.8399855703556436,-0.13522687037745845,0.32875503987568283,0.21278831806479873,0.3670884888918536,2.407937522477522,1.6483056343656344,1.8306952047952048,1.0646428171828175,-0.0001944294744294744,0.0009596884196884198,0.0006508204108204109,0.0007953096753096753,28
298,1313.2585,11984.149099999999,7230.943800000001,2030.496,-0.3802583142368752,-0.6545645064108037,1.8165646670678384,-0.3921775587933185,0.1910299817045851,-0.08891766399766537,1.4196132153641758,-0.1727845398408351,1.06681,3.40451,2.5488199999999996,1.38926,0.41853903509708623,0.6272645055317573,0.8570066555167469,0.31694266421546974,0.3923276263787237,0.18424516465857269,0.33623663323292624,0.2281377598257128,1.05,3.425,2.28,1.41,0.09,1.9,1.25,0.55,2.18,5.1,5.5600000000000005,2.18,0.0006206206206206205,-0.0021821821821821825,0.0023723723723723723,-0.0007507507507507506,0.0997997997997998,0.1395795795795796,0.06977977977977978,0.0728828828828829,74.0,70.0,62.0,67.0,1066.81,3404.51,2548.8199999999997,1389.26,9.99426340417279,9.007181029303261,3.359014312968001,9.287762410021385,0.8306102767295702,0.9277080810169654,0.311239993794843,0.9048609429207981,0.1034764804460977,0.07026107355766431,0.43223533972546413,0.09490151409594283,80.32068027716929,77.13271002664429,198.46927116234255,24.867951213731484,-80.30900364029881,59.72625341642764,73.50323574039074,10.88118308210057,1.3695307553036749,48.808089584525405,-184.35651854871855,22.361011880108144,1.6681747790483383,1.4408059859287863,1.6338497392897857,1.5165032683336488,0.5359344752889063,0.6892514745641886,0.9170221856890152,0.6458405636907928,-0.034858830752768306,-0.17343976401012756,-0.017073612251633993,-0.15548560674153758,1.092054985014985,3.592755984015984,2.5741383816183814,1.4745301898101897,-5.0540510540510564e-05,-0.00037686883686883685,-5.068745068745065e-05,-0.00017071109071109072,25
310,3498.5933999999997,15344.1626,14984.3725,2693.1927,0.7563111701943446,2.4558024108250085,-0.8167401217440249,0.19549901082923427,-0.4758761263839343,0.7172832687320259,0.7727387237527559,-0.061046882740156704,1.85148,3.8747200000000004,3.50383,1.5778500000000002,0.2657352246127713,0.5750717534360386,1.6454628014938533,0.4512007064489151,0.1435258412798255,0.14841633806727672,0.46961833236596906,0.2859591890540387,1.8599999999999999,3.87,2.88,1.62,0.8799999999999999,2.42,1.42,0.44,2.52,6.819999999999999,7.26,3.0,0.0002702702702702703,0.0010410410410410407,0.004584584584584585,-0.0005105105105105105,0.08183183183183183,0.12832832832832836,0.1036036036036036,0.08579579579579578,72.0,77.0,56.0,72.0,1851.48,3874.7200000000003,3503.83,1577.8500000000001,12.61372069964819,9.390840985968591,2.6753729742750463,7.941531902197347,1.0553722774994372,0.8788483548765491,0.2326414349405088,0.6816050862411611,0.02398687482938211,0.0555190570951698,0.38245138510855003,0.15311637989057747,50.22598503020249,102.7833564142434,376.64322715487225,83.70595795898699,-48.37955825616222,50.35954355525038,204.81637295119253,57.01782544210411,-13.493254432965022,89.6009750431558,316.0860229949352,-61.28339889142444,1.485127064641656,1.516581442864585,1.9000136625697195,1.5932579527559096,0.3613867294423657,0.596543202506165,0.9408979591186031,0.6940491790407306,-0.011024347878433986,0.3023160222704091,0.4992301030578503,-0.38964579583460385,1.8565490709290708,3.573898041958042,2.082433746253746,1.8820548251748253,-1.0148290148290114e-05,0.0006022461622461621,0.0028456381456381462,-0.0006090186690186689,24
311,5686.9612,13085.3763,6303.0729,8336.406500000001,0.8699224647482082,0.19181267992587525,4.987743439044941,0.042893936491295914,-0.38258259696034436,0.22475653557042274,2.3764829391223734,-0.34453556904993277,2.3205,3.58761,2.13463,2.8538500000000004,0.5497644495599912,0.4630667207865406,1.321524749333133,0.43811719607885746,0.23691637559146353,0.12907387391230946,0.6190884365595597,0.1535179480627424,2.355,3.5999999999999996,1.705,2.91,0.66,2.35,0.89,1.61,3.8,5.16,6.79,4.29,0.0001601601601601603,0.0001701701701701701,-0.0006206206206206208,0.00023023023023023022,0.11605605605605605,0.13662662662662664,0.07811811811811811,0.09272272272272275,76.0,81.0,59.0,73.0,2320.5,3587.61,2134.63,2853.8500000000004,8.867018944989661,11.983251470649689,2.6103027478539595,8.488270683450473,0.8059954159304806,1.0851848543090743,0.20558789892078377,0.8820930199143644,0.1312374947849273,0.020107121106907044,0.4031312292258358,0.09144636559010255,132.91452722253834,63.508492308409735,462.2947311061027,112.36062965823236,-131.52349675364633,25.040049066809473,-386.775412880451,74.78945974012504,19.179190506495974,-58.3637262177383,253.22163888502996,-83.85372865278359,1.6979287385071482,1.4559795800075157,1.8352679333017456,1.5265126552573387,0.6718766664801675,0.4279289421978732,0.9580566617514661,0.6902390867610725,-0.03983453467212496,-0.20669873607811295,0.0400437997964582,-0.1689181435859971,2.3583933266733266,3.753228071928072,2.0430634365634366,2.9819039360639366,-7.586251586251583e-05,-0.00033156771156771155,0.0001833164433164434,-0.0002563642363642363,31
312,1404.2555000000002,4265.1042,4363.503,6059.3191,-0.06616457647070151,0.3491577315332903,-0.09657323704350196,-0.009977035264872036,-0.23055185993396662,0.9814390170112613,0.7017195100092757,-0.25130116175644296,1.12729,1.90454,2.00754,2.41717,0.3653392340004013,0.7986435928497767,0.57730940439248,0.46541195848409395,0.32408629012978146,0.41933673897622353,0.28757056118058916,0.19254415638291636,1.16,1.6900000000000002,1.87,2.45,0.04,0.51,0.84,1.19,2.13,4.699999999999999,3.91,3.83,0.00017017017017017014,-0.0007007007007007009,0.0016616616616616615,-0.0013713713713713715,0.09176176176176176,0.13023023023023023,0.06720720720720721,0.08665665665665666,68.0,61.0,72.0,66.0,1127.29,1904.54,2007.54,2417.17,10.425286555521579,6.89327536282552,4.852806773180513,7.620142236344814,0.8934298141131545,0.6350232661575721,0.5014150197461209,0.7399303579894473,0.04509851636229545,0.20493263905339987,0.30881752452187516,0.12695053516292365,38.48313489621631,83.4943284623214,133.3433214413976,143.37214124029867,-37.44746006471033,-34.708425448573124,67.55623775304929,-94.58799324627182,-8.867886227411052,-75.9383176548892,114.963455557309,-107.74359571441538,1.6834024615846108,1.574972819159914,1.689510167120868,1.6075773648425058,0.4706995919471455,0.7489516306039924,0.8806364935247238,0.7134831032983061,-0.10736215970516133,-0.22946636280374513,0.6311188660704963,-0.558229595077393,1.1951593806193805,2.2216415584415583,1.3770965634365635,2.8667186813186816,-0.00013587463587463587,-0.0006348379548379548,0.0012621490221490224,-0.0008999973599973602,33
313,762.0988,18025.287300000004,659.3085,3625.5184,-0.12181872087333101,-0.7643137270679654,-0.4618087783864482,-0.388803352166573,0.3953390239935303,-0.262632462604261,-0.15889215782871652,-0.26807736221934597,0.8332200000000001,4.21395,0.77579,1.8653400000000002,0.26046733307652997,0.5176028376081414,0.23970476820455616,0.38213228651868714,0.31260331374250494,0.12283079714000912,0.3089815133019969,0.20485932136698248,0.81,4.29,0.7899999999999999,1.9100000000000001,0.29000000000000004,2.83,0.18,0.8,1.6400000000000001,5.4,1.35,2.79,0.0005205205205205206,-0.00012012012012012023,0.00023023023023023022,-0.00011011011011011043,0.08268268268268268,0.13193193193193195,0.054464464464464464,0.08195195195195196,79.0,84.0,65.0,71.0,833.22,4213.95,775.79,1865.3400000000001,12.764924575443795,10.338005956763928,9.337096509984988,8.773547229787724,1.152100973619096,1.0068705584784052,0.9557838225443565,0.8692347804888683,0.011519438136994964,0.06289688816830452,0.08632863796527346,0.05876455840420647,88.56251125131561,247.6981045430482,44.95632525186295,146.9429226953239,17.827200960843882,9.587049427755066,44.07446124692312,11.50356402925529,86.74969340027141,247.5125036790841,-8.860758768004162,146.49194703077967,1.4218907972927997,1.4182530313716344,1.561182450688052,1.4471870322420755,0.49352797074160154,0.629534842695854,0.581383654848693,0.6726071386743524,0.4972002754932982,0.6076114723207858,0.045209262317983404,0.4531390470076756,0.6091359440559441,3.6697620179820176,0.7570387412587413,1.5657194805194807,0.0004486167286167287,0.0010894654294654295,3.754005754005752e-05,0.0005998408798408797,29
315,699.8278,29846.8538,1295.4449,7792.2674,-0.8219738640411651,-0.35799526462824627,-0.1010182708925984,-0.18596980712344457,-0.10468828553339031,-0.0026253289659171077,0.06843831947522859,0.4595533271753947,0.7417999999999999,5.4083,1.0548899999999999,2.7583,0.3867306039092329,0.7727515189244212,0.4273780386262261,0.4290087528244616,0.5213407979364154,0.1428825174129433,0.40513990902011215,0.15553375369773467,0.75,5.385,1.06,2.715,0.0,3.3000000000000003,0.03,1.71,1.69,7.43,2.3,4.04,0.0,-5.005005005004987e-05,0.00015015015015015006,-6.0060060060059666e-05,0.10764764764764766,0.22133133133133134,0.09874874874874875,0.129009009009009,71.0,83.0,59.0,80.0,741.8,5408.299999999999,1054.8899999999999,2758.3,11.390467991240152,11.60274845199565,9.76008694646392,11.997648614123737,0.9792647584771275,1.0401660956726893,0.7682843493902193,1.1341079782875965,0.04146200214103324,0.030944785015059928,0.13885988827490525,0.04596782634089536,45.481763021565605,147.86039283750875,50.50069286404329,45.39453417645246,-19.53611066355073,-110.7488524977473,17.74286248786823,-44.4833254348883,-41.072267379478234,-97.96625664224712,-47.28118875922041,-9.049723274826148,1.684390957970393,1.564157815518281,1.9018080233564096,1.4916079436587737,0.3482878670834815,0.44149278673749404,0.3992484257690541,0.4548157840937407,-0.23480390866731668,-0.2631059209648571,-0.1779588930489207,-0.05978645851488718,0.8989231568431567,5.760100799200798,1.186490709290709,2.8026808191808192,-0.00031456087456087454,-0.0007043059043059043,-0.0002634648834648835,-8.885048885048883e-05,35
317,821.1993,9839.343499999999,2026.038,3336.3858,-0.1962725878377669,1.1430252611296896,-0.17744230623358037,0.07224335928552739,-0.3862278275031241,0.73442574565623,-0.3162978465655221,0.18988348398754967,0.83113,3.08025,1.36142,1.81008,0.3611401709862806,0.5927929128287551,0.4154197679456287,0.24494120437362105,0.43451706831215403,0.19244961052796206,0.30513711268060456,0.1353206512273607,0.88,3.01,1.37,1.8,0.0,1.6500000000000001,0.05,1.07,1.7,5.42,2.25,2.8000000000000003,-0.0002002002002002002,0.0020920920920920925,-3.0030030030029945e-05,0.0006206206206206208,0.07843843843843844,0.1414914914914915,0.08165165165165164,0.08372372372372372,76.0,78.0,64.0,71.0,831.13,3080.25,1361.42,1810.08,8.768010181880019,9.52045822027418,8.152890098855641,13.788838311402882,0.8503301167552977,1.0159912896798031,0.7512215550776272,1.3334878009631002,0.060492166048763174,0.03708990709275373,0.17233672500455643,0.024040598987819628,129.79375868700203,115.71550165145143,138.498684751614,57.992047380357896,-128.83525576245165,60.47456741955468,-137.9337173399532,-1.4932286682448734,15.744734571385557,-98.65548143851308,-12.497011591130768,-57.972819730542746,1.5549757534397002,1.436734170128096,1.663550876025078,1.4105475151725124,0.6948897210343072,0.675492536078043,0.6637553193190004,0.3313129040517721,-0.07501443471084514,0.14296577443697953,-0.12096808746012537,-0.33251692968742996,0.8780056143856144,2.933606973026973,1.4483729470529472,1.9510095104895104,-9.384507384507383e-05,0.00029357963357963356,-0.0001740799740799741,-0.00028214116214116217,36
318,1430.67,51262.8429,768.9422,10469.894499999999,2.7248761594498183,0.020187633066452992,3.4029011094504713,-0.02155247053038778,1.2914915868913963,0.25611283686481034,1.587740082840368,0.19334198030482586,1.0792000000000004,7.14885,0.75674,3.22511,0.5157493189525314,0.39596284863608106,0.4430426304544519,0.26183962247910453,0.4778996654489726,0.055388328001857785,0.5854621540482225,0.08118781141700734,1.01,7.12,0.66,3.21,0.08,6.1,0.08,2.57,3.5300000000000002,8.450000000000001,3.05,4.12,0.0025125125125125126,-0.001001001001001001,0.002312312312312312,-0.0003303303303303304,0.11018018018018018,0.14226226226226224,0.07076076076076075,0.08199199199199199,72.0,82.0,66.0,79.0,1079.2000000000003,7148.85,756.74,3225.11,8.866492542739618,14.25629292087939,6.715716535011577,12.439997101910121,0.7735909263546651,1.4002433879385847,0.5816917396346225,1.153742014264211,0.14251334333142562,0.010127576328640586,0.31505476917394937,0.004561527951317146,130.89619819668593,40.006337398350865,121.72039142211544,5.82359527337743,130.8726679832542,15.675560409527343,111.72249664115634,1.2831409868778145,2.4818294242357224,-36.807388359919614,-48.31084176683122,-5.680476310653727,1.655544946588091,1.310038871585689,1.7661098886020414,1.4214407250836025,0.6379613276790552,0.39676751340496447,0.7249657347919923,0.43563980322243373,-0.017667924312898927,-0.11922545900371086,-0.1221237738916002,-0.05395424152502853,1.0949670529470532,7.230536403596404,0.8503607392607392,3.249554845154845,-3.1565671565671495e-05,-0.00016353634353634357,-0.0001874289074289074,-4.893862893862892e-05,26
319,5706.057,9171.5685,6564.0175,6504.7955999999995,-0.19719652825917633,-0.5813244803362076,2.559685853595773,-0.21762143934879763,0.3158595973513362,-0.01649660162785499,1.2631699615450427,-0.21438095108931118,2.3501999999999996,2.96829,2.49653,2.5227799999999996,0.4273370566660467,0.6006854217475234,0.5756348313818406,0.3746687491638447,0.1818300811275835,0.20236749837365062,0.2305739692220164,0.14851423792952406,2.34,3.0,2.39,2.55,1.3,1.55,1.5099999999999998,1.48,3.58,4.55,5.09,3.54,0.001921921921921922,-0.0006806806806806804,0.0025025025025025025,0.00041041041041041013,0.11771771771771772,0.16916916916916916,0.08214214214214215,0.09886886886886886,82.0,74.0,57.0,76.0,2350.2,2968.29,2496.5299999999997,2522.7799999999997,11.015756403392547,11.343512994442154,5.712656164753454,10.427348877509887,0.9429465749132184,0.9732002258472352,0.5934236016662758,0.9998858899711845,0.08261806674895311,0.05495840622457582,0.25933016088808625,0.029079370977632912,53.995492763146295,158.72100782557885,135.57945751506827,53.73641528081233,46.1519501025992,10.529192849973711,94.7680641064461,-17.1189351858726,28.026964524582,158.3713813259691,96.95773989525914,50.936670340078315,1.7535345561787674,1.5970390700557333,1.761118410848829,1.5809887997504901,0.3640275350605181,0.4233946864168243,0.7668756957464095,0.4798014273119074,0.23524912665208328,0.3214397706929022,0.4065944163670141,0.1657353434752679,2.17624981018981,2.6341926473526476,2.0915488511488514,2.4153343256743254,0.0003482486282486282,0.0006688635688635688,0.0008107730707730707,0.00021510645510645508,40
322,6532.548999999999,6700.0332,5606.209199999999,619.8946000000001,-0.7593282266959229,2.9178615847701113,-0.5285808891479813,-0.7811657619170052,0.0995944551993134,1.3195874786424853,0.7636606305216721,0.3204741577842521,2.52254,2.5465999999999998,1.949,0.68926,0.41151056900157496,0.4635317033386174,1.3444732053856634,0.3805459924897383,0.16313341671552284,0.1820198316730611,0.6898271961958252,0.5521080470210636,2.5149999999999997,2.51,1.525,0.65,1.4500000000000002,1.33,0.05,0.0,3.55,4.2700000000000005,5.47,1.6600000000000001,7.007007007007013e-05,-0.0007207207207207207,-0.0004904904904904905,-0.0006706706706706706,0.07734734734734736,0.08262262262262261,0.08617617617617618,0.06357357357357357,80.0,79.0,52.0,76.0,2522.54,2546.6,1949.0,689.26,7.600297906226024,7.451137472412937,2.8495343273123424,6.8639005890314655,0.7492229088609187,0.7116035382653969,0.23950290404674002,0.7100183290254014,0.15724682146536928,0.15630748780161152,0.3599883073010153,0.11678176879569602,51.31809993633728,83.50430809803034,478.05316428530386,86.06301146397828,50.349465970791776,-64.72863762703449,471.7031172377057,-82.19236512576637,9.923641344384702,52.75578586163637,77.65949440617679,25.51973858176374,1.5647820677807986,1.4673009294835286,1.9591822826856609,1.4584024346569282,0.760065750388141,0.8006541021809974,0.9430784985018758,0.8147563258805219,-0.1372515732980869,0.2699595494746494,-0.047996166364785736,0.19792331726615814,2.6202692707292705,2.330076783216783,2.0606567632367634,0.5589341858141859,-0.00019565419565419572,0.00043347991347991336,-0.00022353706353706355,0.00026091254091254086,26
324,15398.961200000002,14508.2713,25151.9421,3107.523,2.2461633521869326,0.04741309929827375,-0.31946060927932063,0.29382154653019343,-1.2637793204543122,0.5362998091553776,-0.5965463602669405,0.47763291726922846,3.8804600000000002,3.7435500000000004,4.950189999999999,1.71914,0.5839446792291201,0.7029258122305653,0.8047117893382698,0.3899752048528214,0.15048336517555136,0.18776984739901034,0.16256179850435437,0.22684319185919785,4.01,3.66,5.15,1.69,0.99,1.88,2.5799999999999996,0.86,5.0200000000000005,6.119999999999999,6.94,3.41,0.000650650650650651,0.0018018018018018016,-0.00022022022022021996,0.0005205205205205206,0.12273273273273275,0.17103103103103104,0.14744744744744745,0.10524524524524526,78.0,75.0,62.0,76.0,3880.46,3743.55,4950.19,1719.1399999999999,8.971083076598044,9.927926569033641,8.290479533328377,10.960428279440082,0.7240429903435978,0.9342466958127319,0.4451405068800995,1.071247538306938,0.14008647428590315,0.08072414031781783,0.3129028981445199,0.022365495181681183,156.07067601061925,139.70500121563813,88.66930982970348,83.2387615280885,-113.43992920018462,62.898214594483605,77.6159742260564,21.994837706674538,-107.18879779841166,124.74494765515652,-42.87198444924262,80.28024996838909,1.652692726945578,1.4575521526582367,1.9845236601126715,1.5010248089554574,0.6193000888336753,0.5991727336269558,0.5340977548717577,0.5156340386830552,-0.38225066234435584,0.30655718215835,-0.1966674643576079,0.422295184081503,4.2666902497502495,3.370688691308692,5.224031468531468,1.434182917082917,-0.0007732337332337331,0.0007464690864690862,-0.0005482311682311682,0.0005704846504846505,30
325,535.3828000000001,4039.8724,557.2755999999999,2457.2120000000004,-0.24295327825593693,1.3692128683904499,0.02538270489943084,0.0569569521353781,0.3548576121800261,0.6072838538228431,0.4530779476471232,0.1490051373158754,0.67248,1.96082,0.67166,1.5473800000000002,0.2883633985095889,0.44165294927125753,0.3258043038389763,0.25065341729168583,0.4288059102272022,0.22523890478027433,0.4850732570630621,0.1619856901935438,0.65,1.9400000000000002,0.64,1.54,0.03,0.75,0.0,0.81,1.64,4.02,1.78,2.54,0.00017017017017017014,-0.0013513513513513519,0.0002602602602602603,-0.00014014014014014027,0.07710710710710711,0.13154154154154155,0.06426426426426426,0.08510510510510512,68.0,76.0,76.0,82.0,672.48,1960.82,671.6600000000001,1547.38,10.866207992254415,12.047763698975153,7.9780073418801285,13.523297574044589,1.0343179379627125,1.1568992866807426,0.856334362307116,1.1907867227462365,0.018192707468799085,0.03100270574176367,0.12098178358562439,0.012911299945348453,35.67350388240038,20.405781702041388,93.88326746574612,25.624758602121087,-35.213334587944274,12.822555694183729,-93.01319533550061,-0.38912781829734955,5.711387436089625,15.873814675147358,-12.751996060414575,25.62180385839385,1.638983835361119,1.4194461170980783,1.4547877132623552,1.3339941322679507,0.4763139905265593,0.505606991515578,0.7660482187507112,0.43337495739771326,0.05997515625538274,-0.02957421716817527,0.0604168644115441,0.12771718545159683,0.6425547452547452,1.9834206393606393,0.6376002597402598,1.4919877122877125,5.991041991041991e-05,-4.5246525246525276e-05,6.818766818766819e-05,0.00011089547089547092,23
327,1157.8441,18417.5536,3368.7643,3997.871,3.7625156179787855,-0.2244843470023925,4.962167611186661,-0.10546828809996178,1.1392961216768933,0.25445960647884247,2.0694195732325578,0.014289976550715768,1.0130700000000001,4.25626,1.62885,1.96206,0.3626751647135491,0.5493672837000763,0.8459385187470777,0.3849565643030392,0.35799615496811577,0.12907277367925743,0.5193470968763715,0.19620019994446614,0.98,4.22,1.4100000000000001,1.96,0.0,2.67,0.44,0.86,2.98,5.879999999999999,4.98,3.1399999999999997,0.0002802802802802803,0.0007507507507507507,0.001121121121121121,-0.000770770770770771,0.07595595595595594,0.14353353353353357,0.06634634634634634,0.07712712712712713,77.0,74.0,56.0,74.0,1013.07,4256.26,1628.85,1962.06,8.68094912799214,10.553220951996336,3.362042880242197,8.158625595730436,0.7578677447565568,1.0699016115152673,0.3103301941241149,0.8583890471225736,0.12189316091680791,0.04219292069516012,0.42615301527955207,0.07244572879442934,85.07400897781471,158.81462162324212,248.958407298667,96.97763139612995,-69.19536819382768,69.41641376424192,-246.91616287451927,71.43979764702098,-49.493312922837575,-142.8406298692537,-31.822901753498837,-65.58213402563496,1.642958153463556,1.5304662318675208,1.6915621410498876,1.4254549080217644,0.6464060110206239,0.5464055111778936,0.935209973733153,0.7434134836304325,0.009937079319025483,-0.4391903458223383,0.19945621200644256,-0.4526533562101002,1.0068340459540461,4.673745994005994,1.3368971628371626,2.2635714485514487,1.248439248439245e-05,-0.0008358077958077957,0.0005844901644901648,-0.0006036265236265238,32
328,1389.4153999999999,1617.7057,765.3013000000001,1197.6119999999999,0.6669069507157745,2.1725368353610626,1.641745549432113,0.7469568143346508,-1.0524430088127008,1.2161597876543555,0.8802383197938201,0.11018775847562794,1.10412,1.2309100000000002,0.7964300000000001,1.05022,0.4127159139165826,0.3202596944668498,0.36193998825772206,0.3076523225980912,0.37379624852061605,0.2601812435245873,0.4544529817532263,0.2929408339186944,1.21,1.18,0.78,1.1,0.0,0.49,0.07,0.28,2.06,2.5599999999999996,2.26,2.19,-0.0001101101101101101,-0.0007107107107107107,0.0005405405405405405,0.0008008008008008008,0.08997997997997997,0.07684684684684685,0.06302302302302303,0.057017017017017016,72.0,70.0,59.0,55.0,1104.12,1230.91,796.4300000000001,1050.22,9.629516364866365,9.92605364999942,7.257620770313478,7.929565160019695,0.7196678380103733,0.8970028125923823,0.6475752677909774,0.6005104580390463,0.20803541430329808,0.12313516888750886,0.177558361634377,0.29538287876484937,26.454971902954306,32.73977986814007,80.58946699276156,43.271661654861326,-19.55465549631669,11.871155974127415,80.43064284003526,40.987041618164625,-17.817996150141944,30.51178201371085,5.057062637152846,13.87440527603388,1.6964833458262678,1.483424214128108,1.7201995434616213,1.7999534381138689,0.5090075170524783,0.5977297593929912,0.7048222071036623,0.5845985565555967,-0.032619818110702616,-0.04031829233000659,-0.04452441061666536,0.20156042523262999,1.1274148051948052,1.2532524475524478,0.8243143856143857,0.942921958041958,-4.6636246636246655e-05,-4.472962472962469e-05,-5.582459582459582e-05,0.00021481089481089485,32
329,385.74510000000004,27954.5856,590.8574,8454.038199999999,0.16355758812359023,-0.1575844446673198,2.0229751604302453,0.05958775754650514,0.6751194658358333,-0.028003153932406235,1.1163822292159942,0.22045246887503336,0.55189,5.26202,0.7566799999999999,2.90128,0.28489037874242085,0.5154911440558412,0.1352507951917474,0.1913440921481507,0.5162086262523706,0.097964497294925,0.17874239466055322,0.06595161175348492,0.52,5.26,0.74,2.8899999999999997,0.0,3.9400000000000004,0.45,2.27,1.4300000000000002,6.77,1.33,3.54,0.0007207207207207207,0.00020020020020020037,0.00036036036036036026,-0.0005805805805805806,0.08312312312312312,0.15497497497497498,0.03049049049049049,0.07135135135135136,78.0,78.0,54.0,81.0,551.89,5262.0199999999995,756.68,2901.2799999999997,12.508944286517995,11.902943180332652,8.90807064637382,14.814926524687088,0.9801374508395488,1.152058033467901,0.9648829884657797,1.477006508920601,0.035524666209979294,0.026250844328511214,0.11377070226762065,0.00038734138234630677,35.11835619900861,83.88257486205698,38.780559487376784,47.150250936281076,0.024087966813255424,73.05645452043345,34.902621766486476,45.66996135075884,35.11834793794124,41.219422829443324,16.903809865812903,11.721808460065702,1.6842012627428207,1.4307183750083454,1.5042304845214702,1.2698989165161132,0.32226919774471846,0.476864995467842,0.6981567753333167,0.38877102012477227,0.30700026406007713,0.159702410212086,0.4177292203960517,-0.08936051321767237,0.40055378621378623,5.1195711288711285,0.6589200399600399,2.930866053946054,0.00030297540297540297,0.00028518292518292526,0.0001957156357156357,-5.92313392313393e-05,28
330,10077.7254,15668.610299999998,24404.6021,5523.641,0.011575532883241202,0.021138624216621604,-0.7228268467873842,-0.6853546339303871,0.1841024257163907,0.39178816782411346,0.210541049368856,0.1822613706032077,3.12658,3.9001499999999996,4.80925,2.3029,0.5497480364676167,0.6763433133402,1.1294762226359614,0.46935337433537216,0.1758304717831038,0.1734146925990539,0.2348549613008185,0.20380970703694132,3.0949999999999998,3.8600000000000003,4.720000000000001,2.2800000000000002,1.56,2.16,2.45,1.3099999999999998,4.71,6.259999999999999,7.27,3.4299999999999997,-0.00035035035035035043,-0.0003403403403403411,0.0012412412412412407,0.00032032032032032037,0.14157157157157158,0.1762962962962963,0.16796796796796792,0.09961961961961963,67.0,69.0,62.0,78.0,3126.58,3900.1499999999996,4809.25,2302.9,10.628793565245621,10.464589268904867,6.35273493817704,8.52177742667779,0.9070505479231203,1.0280043885671215,0.5636731062333726,0.8612738029582788,0.05726230879330085,0.03488805488859459,0.2831267411304692,0.06580166555708455,118.94774783228712,207.85059237579347,427.86086151323315,194.7284334708011,-103.14050037693461,-185.7411530322152,241.4563111851707,-126.99906030653453,-59.250349335416686,93.28500855567023,-353.21914812718757,147.61572234436755,1.7798320567971575,1.4307856238034142,2.112480376496962,1.4669422062911452,0.44805833429183983,0.558414855850998,0.7199584801058693,0.7191878251259715,-0.1633796697382069,0.15420190948434462,-0.3156330921439839,0.4047423790716567,3.281993246753247,3.7196890309690303,5.42610907092907,1.9741960239760241,-0.00031113763113763116,0.0003612832212832216,-0.0012349530949530944,0.000658066018066018,33
332,1277.2728,29005.802499999998,2805.9735,7063.8049,-0.26366547272689633,-0.036195951090716605,0.10768201317497894,-0.35265633145590636,-0.21806281157222024,0.018979575260512974,0.10266197150959261,0.04553235562047405,1.0908,5.359870000000001,1.58827,2.64487,0.2956825324566874,0.5268738777923992,0.5323268799337489,0.2616631099333645,0.27106942836146625,0.09829974939548891,0.33516145235617933,0.09893231422843637,1.11,5.36,1.62,2.6300000000000003,0.29,3.84,0.15,1.85,1.9,7.15,3.2199999999999998,3.4,3.0030030030030056e-05,-5.005005005004987e-05,-0.00032032032032032015,-0.00044044044044044085,0.07604604604604605,0.1663563563563564,0.11225225225225227,0.08232232232232232,64.0,86.0,65.0,77.0,1090.8,5359.870000000001,1588.27,2644.87,10.803007033438522,12.63764639934303,8.836113388326199,12.424137001626272,0.9707154606840567,1.178860948355555,0.722700918241005,1.106289869567144,0.03286479407752374,0.025957810338105958,0.17721312185172078,0.018478747178760635,11.495671404234649,40.43209853105102,62.492189512897085,20.83407074599147,9.855825666826178,-9.080721978676642,40.78864527770082,-16.729386706336932,5.9171920248770515,-39.399176133145176,-47.345117663025604,12.417170542390675,1.660790068474017,1.4621262889264197,1.893443935842326,1.4688218916356517,0.44560283528670286,0.38414309567412347,0.5009935014665269,0.3726307750783079,-0.10646941981691274,-0.1037631261631968,-0.20162357328100713,0.0514265488138661,1.1452724475524476,5.454466713286714,1.7739845954045954,2.621586073926074,-0.0001090539490539491,-0.00018938280938280935,-0.00037180099180099174,4.661446661446666e-05,31
336,1834.8125,4051.1414000000004,6304.0594,5992.827,-0.3992881780802575,0.7633209311517155,-0.40005165679903953,-0.19442035387081624,0.47598628935805265,0.6337052636378816,-0.21196596544784393,0.16926488864004877,1.28735,1.9531,2.4757399999999996,2.41826,0.42135789716107136,0.48635562091950785,0.41805603978414185,0.3805858279021961,0.32730640242441555,0.24901726533178425,0.16886104347958264,0.15738002857517225,1.23,1.92,2.51,2.41,0.48,0.8,1.17,1.45,2.66,3.92,3.61,3.5300000000000002,0.0011811811811811813,0.0005205205205205206,0.0008808808808808807,0.0005305305305305307,0.1231031031031031,0.15035035035035033,0.07751751751751751,0.10021021021021022,68.0,81.0,56.0,73.0,1287.35,1953.1000000000001,2475.74,2418.26,11.907194531419774,12.316210963302995,7.618436231540598,10.63662235372978,0.9290455932205451,1.1526795099383855,0.7322399718522586,1.0110371502473796,0.09628781438306522,0.023178283289664314,0.1664716671847728,0.030419435473127976,55.18876969858634,50.68676299384829,51.47324578782501,72.70394624344226,25.00667430785778,41.28128986063348,-29.90462579954127,55.79887605668963,-49.19823717273138,29.410934195242895,-41.89520721661675,46.60846736570009,1.7235511508708625,1.4949969411480422,1.7177980529423937,1.5780219774883586,0.3254745370207484,0.39506696123718565,0.6901687869663897,0.4776821343340165,-0.05965162953213005,0.1805431193755399,-0.05533047278422908,0.2564811678424885,1.330841038961039,1.8011638161838162,2.515764435564435,2.249358141858142,-8.70691470691471e-05,0.0003041765441765442,-8.012900012900013e-05,0.0003381418581418581,30
337,1028.4185,22457.072,3183.3085,7672.1332999999995,0.5101596956675261,-0.2380883901191173,3.4544689463334746,0.2697108097285028,0.6916388523894523,0.20403473052258006,1.8333902694117203,0.16273791845500685,0.8961500000000001,4.697640000000001,1.6060500000000002,2.7471499999999995,0.47469324568609567,0.6238993752200751,0.7771176857465026,0.3539776511306893,0.5297028909067629,0.13281123611432016,0.48386892422185024,0.12885268410195633,0.8400000000000001,4.6,1.3599999999999999,2.73,0.02,2.73,0.6,1.75,2.62,6.54,4.77,3.7600000000000002,-0.00025025025025025036,0.00017017017017017098,-0.0014614614614614613,-6.0060060060059666e-05,0.09394394394394394,0.13482482482482483,0.05635635635635635,0.06766766766766766,75.0,76.0,57.0,74.0,896.1500000000001,4697.64,1606.0500000000002,2747.1499999999996,8.209374639772316,8.770193418718938,3.125959694890615,7.796283524935769,0.7622370793030706,0.8538062900536539,0.2738290409303848,0.7545969777729647,0.09589953723175348,0.09704317274041152,0.4441426665387054,0.11308790201555308,108.7793956582074,192.03482433120502,238.62619679724432,124.38232649926383,-90.96073318981053,181.59196570545538,-135.0375577727608,103.76555382241071,-59.65820930380774,62.463843518834906,-196.7417591379254,68.58332877090362,1.682438034754112,1.4761055697611956,1.614755168040855,1.4768084254452343,0.7092845804285516,0.7050542005181947,0.9494877050265059,0.7604353137203828,-0.15502520905245795,0.21625149032575364,-0.38911432796188244,0.28044533568821534,1.0234832167832169,4.464186713286714,2.129277242757243,2.575378781218781,-0.0002549213549213549,0.00046737394737394745,-0.0010475019875019872,0.0003438863238863239,34
339,2009.4087,6267.5058,4111.7392,2591.9154,-0.5186534096981568,-0.6783157983307309,-0.2573613682796987,-0.4810596203110773,0.04761923330156802,0.05025187350039682,-0.25498871178304955,0.14179167061650869,1.3389499999999999,2.41854,1.9815399999999999,1.5603399999999998,0.4654262535568874,0.6466607057800868,0.4303933414912457,0.396553255439922,0.34760540241001336,0.2673764774533755,0.2172014400371659,0.2541454141020047,1.345,2.4299999999999997,2.0,1.545,0.14,0.78,0.61,0.63,2.76,4.159999999999999,2.99,2.67,0.00044044044044044063,0.0009909909909909913,0.0011011011011011012,0.00018018018018018035,0.10134134134134135,0.12985985985985984,0.08058058058058058,0.09443443443443444,67.0,82.0,68.0,74.0,1338.9499999999998,2418.54,1981.54,1560.34,8.78693430393382,8.016455981451635,7.603276853089443,9.526131094540057,0.8557904804328572,0.8805021000463243,0.7275440548727907,1.0068527401830083,0.08417662811849258,0.073769706444903,0.1661510018527883,0.036219198258066854,110.81168082241214,150.70531538014188,106.6612687854985,47.65879696668425,41.39377889921338,-134.7346714271359,71.2422860437254,-27.90022483124048,-102.78999793331636,67.51785244844328,-79.37986481593659,38.6385608256553,1.5605046505545486,1.4857992198012304,1.7370537814980422,1.49345669352063,0.6558802342321393,0.743775215658238,0.6920008434136937,0.6569568765600329,-0.29694194563474635,0.2503054872594992,-0.1909595586286705,0.1496288179084214,1.578088091908092,2.1384657542457544,2.1237510289710286,1.4576701098901097,-0.00047875493875493893,0.0005607092007092007,-0.0002847067647067647,0.00020554532554532554,28
340,3292.8661,3780.2548,5437.4231,6125.8625,-0.17086404225688545,-0.14601068020688768,1.0733007210080916,-0.39742809438983295,0.07900257934648369,-0.00838657008199744,0.9900727322296232,-0.5354658853144072,1.78493,1.90748,2.28667,2.41357,0.3269418833676713,0.3765300115528641,0.45668743260571554,0.548217434144519,0.18316790202846686,0.19739657115821088,0.1997172449919383,0.2271396454813902,1.8,1.9,2.2,2.52,0.9299999999999999,0.83,1.57,0.86,2.8200000000000003,3.1799999999999997,4.07,3.51,-0.0005305305305305303,-0.00042042042042042034,-0.00019019019019019014,-0.00017017017017017055,0.10687687687687686,0.10722722722722723,0.07448448448448448,0.1058958958958959,75.0,72.0,66.0,64.0,1784.9299999999998,1907.48,2286.67,2413.57,12.975120471527477,11.736007802516106,6.57943711825269,7.9162096510452225,1.1355991482036545,1.048889072974459,0.6547469953098574,0.7737804141313076,0.026792247940938374,0.02624833690520134,0.19928610564900495,0.11088501043479226,29.054053489643284,48.36678208464168,90.19077594924589,38.85514582180035,27.714285841327253,7.34201152224818,51.75186131785878,0.9902376160362613,-8.72103115945935,-47.80628071739518,-73.86555974514904,38.8425254881445,1.5537118264748586,1.4890121166069687,1.6579123845257884,1.6982057572095535,0.2963178403378714,0.42208936988118184,0.8034125867033138,0.6642430661273667,-0.0036299554954722,-0.1838377776575514,-0.4639905757917566,0.2510427958122512,1.7869835164835164,2.0272534865134864,2.6533224175824177,2.175432967032967,-4.111144111144107e-06,-0.00023978675978675974,-0.000734038874038874,0.0004767508167508169,33
341,2819.5137999999997,3865.7736000000004,4263.0391,1893.3851,-0.4529717879268995,-0.046266419586784124,0.5431646608541576,-0.3708013887500696,0.15897515421493244,0.15209868878764546,0.538107321508168,0.13461941006399591,1.6385800000000001,1.93192,2.01913,1.34439,0.3668369986792499,0.3653200153290263,0.43145468255658087,0.2932586365309639,0.22387493969122646,0.18909686494731992,0.21368345899302216,0.21813509214659726,1.66,1.915,2.0,1.3199999999999998,0.7000000000000001,0.8999999999999999,1.08,0.51,2.62,3.29,3.49,2.1799999999999997,0.00025025025025025003,-0.001031031031031031,-0.0009509509509509511,-0.0008508508508508507,0.113003003003003,0.13554554554554551,0.10237237237237239,0.09880880880880882,72.0,86.0,73.0,85.0,1638.5800000000002,1931.92,2019.1299999999999,1344.3899999999999,12.49055410864351,14.856823032719507,9.599335854226357,13.353419576306406,1.1001751646775026,1.2751163641649061,0.8962839277017556,1.2843279046170515,0.023467120711804235,0.010124778616463992,0.0974510845008032,0.007345251568025013,42.42487872170055,59.65554437340003,118.16154939616264,48.30328248334569,30.766856052250336,-56.938880071355,101.82276210581509,-48.05056153056108,-29.210801139494734,-17.797413034105624,-59.95228830365336,-4.9346362848393674,1.5069769503280304,1.400904479003085,1.7401789352838262,1.396471516329363,0.364306369132231,0.2518530185153582,0.5367349702521387,0.41198612068301105,-0.15057225547080957,-0.03990014982684221,-0.2418242663218341,-0.031891196818133516,1.734155024975025,1.9571416983016985,2.199664995004995,1.3605725874125874,-0.00019134139134139132,-5.049389049389049e-05,-0.0003614314214314216,-3.239757239757239e-05,28
342,1126.6248,2930.4480999999996,3377.782,2186.9126,-0.636460521674854,0.4650391322606726,-0.43245944196671626,-0.11996184986860658,-0.12276447421480186,0.47640791458145515,-0.25577877910197594,0.11921129412910624,0.9663600000000001,1.62811,1.80514,1.44546,0.4390593927932757,0.5288723171995298,0.34532822126203355,0.31234274187180977,0.4543435084164035,0.32483819717312085,0.19130273622103192,0.2160853582055607,0.98,1.58,1.83,1.44,0.0,0.26,0.85,0.43,1.9700000000000002,3.61,2.73,2.5,0.000920920920920921,-0.000980980980980981,-0.00046046046046046044,0.0003803803803803803,0.08532532532532533,0.12312312312312312,0.09251251251251252,0.10454454454454455,72.0,73.0,69.0,76.0,966.3600000000001,1628.11,1805.1399999999999,1445.46,7.756009300501488,9.395013238126316,10.842193462075688,13.312543949171328,0.8565194722032741,0.9406762310554644,0.9763006925397736,1.185880940093798,0.09129286388205493,0.07802063359085842,0.07675088153355691,0.031240616717643555,162.9600671358279,195.4518063827986,34.020886131231045,52.917021519648664,-31.631456336562955,47.37883111852684,27.62495759986217,42.20691783278494,159.86067199577778,-189.62240105045896,19.85654579124995,-31.918446916595123,1.4659678573230925,1.4526605820929912,1.631857814325842,1.405885969278367,0.7981923692221872,0.6644506610148055,0.3482898519170649,0.32909604646396223,0.49622721834715927,-0.546032866399465,0.08792776796286433,-0.06295919846996417,0.5893696903096906,2.1277945854145854,1.7526006793206792,1.4794864735264734,0.0007547353547353545,-0.0010003695403695406,0.00010518382518382517,-6.812106812106817e-05,28
343,4378.635,2131.7132,8049.3317,2951.2416000000003,0.7798634709899837,-0.6989780094446947,0.21785417027549814,-0.13278806785625807,-0.33764843104579,-0.17113824285403761,-0.1265903796666302,0.47272234296897153,2.0688,1.3191799999999998,2.8199500000000004,1.67746,0.3141680442056448,0.6256814905365189,0.3117911119644048,0.3706339817124166,0.15186003683567517,0.4742957674741271,0.11056618449419484,0.22094951993634224,2.08,1.37,2.83,1.645,0.9,0.0,1.68,0.93,3.06,3.0100000000000002,3.66,2.95,-9.009009009009039e-05,0.0011911911911911912,-0.0004304304304304306,0.0015915915915915917,0.09382382382382382,0.13542542542542543,0.06233233233233234,0.08735735735735736,76.0,75.0,57.0,73.0,2068.8,1319.1799999999998,2819.9500000000003,1677.46,12.001129344744779,8.782958210923189,8.10819296066411,9.715746946497001,1.0732918693120792,0.875708585770851,0.8009536998481653,0.9017665702054907,0.051031058619729563,0.08569906789728954,0.16484180428976813,0.0548692687493908,75.38758168691625,154.10589387534438,63.73634435487147,86.58676808402052,46.19061018816376,-110.93788317510796,56.0633031074056,-53.71309426329039,-59.579484749757384,106.96453900122697,-30.318767066124593,67.91297307509691,1.4849449112363338,1.5353825309935845,1.523671460777469,1.4917138815951936,0.38462195261825993,0.62723538731958,0.6881968282185179,0.6152459743418015,-0.2847739583399774,0.20176139315800357,-0.38482346745745794,0.2728709840815879,2.2236062937062937,1.1007472727272725,3.027561598401599,1.5024636763236763,-0.00030992250992250994,0.0004373027573027572,-0.0004156388356388356,0.0003503429903429903,40
